t,Vc
0.000010,0.005000
0.000020,0.009995
0.000030,0.014985
0.000040,0.019970
0.000050,0.024950
0.000060,0.029925
0.000070,0.034895
0.000080,0.039860
0.000090,0.044820
0.000100,0.049776
0.000110,0.054726
0.000120,0.059671
0.000130,0.064611
0.000140,0.069547
0.000150,0.074477
0.000160,0.079403
0.000170,0.084323
0.000180,0.089239
0.000190,0.094150
0.000200,0.099056
0.000210,0.103957
0.000220,0.108853
0.000230,0.113744
0.000240,0.118630
0.000250,0.123511
0.000260,0.128388
0.000270,0.133260
0.000280,0.138126
0.000290,0.142988
0.000300,0.147845
0.000310,0.152697
0.000320,0.157545
0.000330,0.162387
0.000340,0.167225
0.000350,0.172057
0.000360,0.176885
0.000370,0.181709
0.000380,0.186527
0.000390,0.191340
0.000400,0.196149
0.000410,0.200953
0.000420,0.205752
0.000430,0.210546
0.000440,0.215336
0.000450,0.220120
0.000460,0.224900
0.000470,0.229675
0.000480,0.234446
0.000490,0.239211
0.000500,0.243972
0.000510,0.248728
0.000520,0.253479
0.000530,0.258226
0.000540,0.262967
0.000550,0.267704
0.000560,0.272437
0.000570,0.277164
0.000580,0.281887
0.000590,0.286605
0.000600,0.291319
0.000610,0.296027
0.000620,0.300731
0.000630,0.305431
0.000640,0.310125
0.000650,0.314815
0.000660,0.319500
0.000670,0.324181
0.000680,0.328857
0.000690,0.333528
0.000700,0.338194
0.000710,0.342856
0.000720,0.347513
0.000730,0.352166
0.000740,0.356813
0.000750,0.361457
0.000760,0.366095
0.000770,0.370729
0.000780,0.375358
0.000790,0.379983
0.000800,0.384603
0.000810,0.389218
0.000820,0.393829
0.000830,0.398435
0.000840,0.403037
0.000850,0.407634
0.000860,0.412226
0.000870,0.416814
0.000880,0.421397
0.000890,0.425976
0.000900,0.430550
0.000910,0.435119
0.000920,0.439684
0.000930,0.444244
0.000940,0.448800
0.000950,0.453351
0.000960,0.457898
0.000970,0.462440
0.000980,0.466978
0.000990,0.471511
0.001000,0.476039
0.001010,0.480563
0.001020,0.485083
0.001030,0.489598
0.001040,0.494108
0.001050,0.498614
0.001060,0.503115
0.001070,0.507612
0.001080,0.512105
0.001090,0.516592
0.001100,0.521076
0.001110,0.525555
0.001120,0.530029
0.001130,0.534499
0.001140,0.538965
0.001150,0.543426
0.001160,0.547882
0.001170,0.552334
0.001180,0.556782
0.001190,0.561225
0.001200,0.565664
0.001210,0.570098
0.001220,0.574528
0.001230,0.578954
0.001240,0.583375
0.001250,0.587791
0.001260,0.592204
0.001270,0.596611
0.001280,0.601015
0.001290,0.605414
0.001300,0.609808
0.001310,0.614199
0.001320,0.618584
0.001330,0.622966
0.001340,0.627343
0.001350,0.631716
0.001360,0.636084
0.001370,0.640448
0.001380,0.644807
0.001390,0.649162
0.001400,0.653513
0.001410,0.657860
0.001420,0.662202
0.001430,0.666540
0.001440,0.670873
0.001450,0.675202
0.001460,0.679527
0.001470,0.683848
0.001480,0.688164
0.001490,0.692476
0.001500,0.696783
0.001510,0.701086
0.001520,0.705385
0.001530,0.709680
0.001540,0.713970
0.001550,0.718256
0.001560,0.722538
0.001570,0.726815
0.001580,0.731089
0.001590,0.735357
0.001600,0.739622
0.001610,0.743883
0.001620,0.748139
0.001630,0.752390
0.001640,0.756638
0.001650,0.760881
0.001660,0.765121
0.001670,0.769355
0.001680,0.773586
0.001690,0.777813
0.001700,0.782035
0.001710,0.786253
0.001720,0.790466
0.001730,0.794676
0.001740,0.798881
0.001750,0.803082
0.001760,0.807279
0.001770,0.811472
0.001780,0.815661
0.001790,0.819845
0.001800,0.824025
0.001810,0.828201
0.001820,0.832373
0.001830,0.836540
0.001840,0.840704
0.001850,0.844863
0.001860,0.849018
0.001870,0.853169
0.001880,0.857316
0.001890,0.861459
0.001900,0.865597
0.001910,0.869732
0.001920,0.873862
0.001930,0.877988
0.001940,0.882110
0.001950,0.886228
0.001960,0.890342
0.001970,0.894452
0.001980,0.898557
0.001990,0.902659
0.002000,0.906756
0.002010,0.910849
0.002020,0.914938
0.002030,0.919023
0.002040,0.923104
0.002050,0.927181
0.002060,0.931254
0.002070,0.935323
0.002080,0.939387
0.002090,0.943448
0.002100,0.947505
0.002110,0.951557
0.002120,0.955606
0.002130,0.959650
0.002140,0.963690
0.002150,0.967727
0.002160,0.971759
0.002170,0.975787
0.002180,0.979811
0.002190,0.983831
0.002200,0.987848
0.002210,0.991860
0.002220,0.995868
0.002230,0.999872
0.002240,1.003872
0.002250,1.007868
0.002260,1.011860
0.002270,1.015849
0.002280,1.019833
0.002290,1.023813
0.002300,1.027789
0.002310,1.031761
0.002320,1.035730
0.002330,1.039694
0.002340,1.043654
0.002350,1.047610
0.002360,1.051563
0.002370,1.055511
0.002380,1.059456
0.002390,1.063396
0.002400,1.067333
0.002410,1.071266
0.002420,1.075194
0.002430,1.079119
0.002440,1.083040
0.002450,1.086957
0.002460,1.090870
0.002470,1.094779
0.002480,1.098684
0.002490,1.102586
0.002500,1.106483
0.002510,1.110377
0.002520,1.114266
0.002530,1.118152
0.002540,1.122034
0.002550,1.125912
0.002560,1.129786
0.002570,1.133656
0.002580,1.137522
0.002590,1.141385
0.002600,1.145244
0.002610,1.149098
0.002620,1.152949
0.002630,1.156796
0.002640,1.160639
0.002650,1.164479
0.002660,1.168314
0.002670,1.172146
0.002680,1.175974
0.002690,1.179798
0.002700,1.183618
0.002710,1.187435
0.002720,1.191247
0.002730,1.195056
0.002740,1.198861
0.002750,1.202662
0.002760,1.206459
0.002770,1.210253
0.002780,1.214043
0.002790,1.217828
0.002800,1.221611
0.002810,1.225389
0.002820,1.229164
0.002830,1.232934
0.002840,1.236702
0.002850,1.240465
0.002860,1.244224
0.002870,1.247980
0.002880,1.251732
0.002890,1.255480
0.002900,1.259225
0.002910,1.262966
0.002920,1.266703
0.002930,1.270436
0.002940,1.274166
0.002950,1.277891
0.002960,1.281614
0.002970,1.285332
0.002980,1.289047
0.002990,1.292758
0.003000,1.296465
0.003010,1.300168
0.003020,1.303868
0.003030,1.307564
0.003040,1.311257
0.003050,1.314946
0.003060,1.318631
0.003070,1.322312
0.003080,1.325990
0.003090,1.329664
0.003100,1.333334
0.003110,1.337001
0.003120,1.340664
0.003130,1.344323
0.003140,1.347979
0.003150,1.351631
0.003160,1.355279
0.003170,1.358924
0.003180,1.362565
0.003190,1.366202
0.003200,1.369836
0.003210,1.373466
0.003220,1.377093
0.003230,1.380716
0.003240,1.384335
0.003250,1.387951
0.003260,1.391563
0.003270,1.395171
0.003280,1.398776
0.003290,1.402377
0.003300,1.405975
0.003310,1.409569
0.003320,1.413159
0.003330,1.416746
0.003340,1.420329
0.003350,1.423909
0.003360,1.427485
0.003370,1.431058
0.003380,1.434627
0.003390,1.438192
0.003400,1.441754
0.003410,1.445312
0.003420,1.448867
0.003430,1.452418
0.003440,1.455965
0.003450,1.459509
0.003460,1.463050
0.003470,1.466587
0.003480,1.470120
0.003490,1.473650
0.003500,1.477177
0.003510,1.480699
0.003520,1.484219
0.003530,1.487734
0.003540,1.491247
0.003550,1.494755
0.003560,1.498261
0.003570,1.501762
0.003580,1.505261
0.003590,1.508755
0.003600,1.512247
0.003610,1.515734
0.003620,1.519219
0.003630,1.522699
0.003640,1.526177
0.003650,1.529651
0.003660,1.533121
0.003670,1.536588
0.003680,1.540051
0.003690,1.543511
0.003700,1.546968
0.003710,1.550421
0.003720,1.553870
0.003730,1.557316
0.003740,1.560759
0.003750,1.564198
0.003760,1.567634
0.003770,1.571066
0.003780,1.574495
0.003790,1.577921
0.003800,1.581343
0.003810,1.584762
0.003820,1.588177
0.003830,1.591589
0.003840,1.594997
0.003850,1.598402
0.003860,1.601804
0.003870,1.605202
0.003880,1.608597
0.003890,1.611988
0.003900,1.615376
0.003910,1.618761
0.003920,1.622142
0.003930,1.625520
0.003940,1.628894
0.003950,1.632265
0.003960,1.635633
0.003970,1.638998
0.003980,1.642359
0.003990,1.645716
0.004000,1.649070
0.004010,1.652421
0.004020,1.655769
0.004030,1.659113
0.004040,1.662454
0.004050,1.665792
0.004060,1.669126
0.004070,1.672457
0.004080,1.675784
0.004090,1.679108
0.004100,1.682429
0.004110,1.685747
0.004120,1.689061
0.004130,1.692372
0.004140,1.695680
0.004150,1.698984
0.004160,1.702285
0.004170,1.705583
0.004180,1.708877
0.004190,1.712168
0.004200,1.715456
0.004210,1.718741
0.004220,1.722022
0.004230,1.725300
0.004240,1.728575
0.004250,1.731846
0.004260,1.735114
0.004270,1.738379
0.004280,1.741641
0.004290,1.744899
0.004300,1.748154
0.004310,1.751406
0.004320,1.754655
0.004330,1.757900
0.004340,1.761142
0.004350,1.764381
0.004360,1.767617
0.004370,1.770849
0.004380,1.774078
0.004390,1.777304
0.004400,1.780527
0.004410,1.783746
0.004420,1.786962
0.004430,1.790175
0.004440,1.793385
0.004450,1.796592
0.004460,1.799795
0.004470,1.802996
0.004480,1.806193
0.004490,1.809386
0.004500,1.812577
0.004510,1.815764
0.004520,1.818949
0.004530,1.822130
0.004540,1.825308
0.004550,1.828482
0.004560,1.831654
0.004570,1.834822
0.004580,1.837987
0.004590,1.841149
0.004600,1.844308
0.004610,1.847464
0.004620,1.850616
0.004630,1.853766
0.004640,1.856912
0.004650,1.860055
0.004660,1.863195
0.004670,1.866332
0.004680,1.869466
0.004690,1.872596
0.004700,1.875723
0.004710,1.878848
0.004720,1.881969
0.004730,1.885087
0.004740,1.888202
0.004750,1.891314
0.004760,1.894422
0.004770,1.897528
0.004780,1.900630
0.004790,1.903730
0.004800,1.906826
0.004810,1.909919
0.004820,1.913009
0.004830,1.916096
0.004840,1.919180
0.004850,1.922261
0.004860,1.925339
0.004870,1.928413
0.004880,1.931485
0.004890,1.934553
0.004900,1.937619
0.004910,1.940681
0.004920,1.943741
0.004930,1.946797
0.004940,1.949850
0.004950,1.952900
0.004960,1.955947
0.004970,1.958991
0.004980,1.962032
0.004990,1.965070
0.005000,1.968105
0.005010,1.971137
0.005020,1.974166
0.005030,1.977192
0.005040,1.980215
0.005050,1.983234
0.005060,1.986251
0.005070,1.989265
0.005080,1.992276
0.005090,1.995283
0.005100,1.998288
0.005110,2.001290
0.005120,2.004289
0.005130,2.007284
0.005140,2.010277
0.005150,2.013267
0.005160,2.016253
0.005170,2.019237
0.005180,2.022218
0.005190,2.025196
0.005200,2.028171
0.005210,2.031142
0.005220,2.034111
0.005230,2.037077
0.005240,2.040040
0.005250,2.043000
0.005260,2.045957
0.005270,2.048911
0.005280,2.051862
0.005290,2.054810
0.005300,2.057755
0.005310,2.060698
0.005320,2.063637
0.005330,2.066573
0.005340,2.069507
0.005350,2.072437
0.005360,2.075365
0.005370,2.078289
0.005380,2.081211
0.005390,2.084130
0.005400,2.087046
0.005410,2.089959
0.005420,2.092869
0.005430,2.095776
0.005440,2.098680
0.005450,2.101582
0.005460,2.104480
0.005470,2.107375
0.005480,2.110268
0.005490,2.113158
0.005500,2.116045
0.005510,2.118929
0.005520,2.121810
0.005530,2.124688
0.005540,2.127563
0.005550,2.130436
0.005560,2.133305
0.005570,2.136172
0.005580,2.139036
0.005590,2.141897
0.005600,2.144755
0.005610,2.147610
0.005620,2.150462
0.005630,2.153312
0.005640,2.156159
0.005650,2.159002
0.005660,2.161843
0.005670,2.164682
0.005680,2.167517
0.005690,2.170349
0.005700,2.173179
0.005710,2.176006
0.005720,2.178830
0.005730,2.181651
0.005740,2.184469
0.005750,2.187285
0.005760,2.190098
0.005770,2.192908
0.005780,2.195715
0.005790,2.198519
0.005800,2.201320
0.005810,2.204119
0.005820,2.206915
0.005830,2.209708
0.005840,2.212498
0.005850,2.215286
0.005860,2.218071
0.005870,2.220853
0.005880,2.223632
0.005890,2.226408
0.005900,2.229182
0.005910,2.231952
0.005920,2.234720
0.005930,2.237486
0.005940,2.240248
0.005950,2.243008
0.005960,2.245765
0.005970,2.248519
0.005980,2.251271
0.005990,2.254019
0.006000,2.256765
0.006010,2.259509
0.006020,2.262249
0.006030,2.264987
0.006040,2.267722
0.006050,2.270454
0.006060,2.273184
0.006070,2.275911
0.006080,2.278635
0.006090,2.281356
0.006100,2.284075
0.006110,2.286791
0.006120,2.289504
0.006130,2.292214
0.006140,2.294922
0.006150,2.297627
0.006160,2.300330
0.006170,2.303029
0.006180,2.305726
0.006190,2.308420
0.006200,2.311112
0.006210,2.313801
0.006220,2.316487
0.006230,2.319171
0.006240,2.321851
0.006250,2.324530
0.006260,2.327205
0.006270,2.329878
0.006280,2.332548
0.006290,2.335215
0.006300,2.337880
0.006310,2.340542
0.006320,2.343202
0.006330,2.345859
0.006340,2.348513
0.006350,2.351164
0.006360,2.353813
0.006370,2.356459
0.006380,2.359103
0.006390,2.361744
0.006400,2.364382
0.006410,2.367018
0.006420,2.369651
0.006430,2.372281
0.006440,2.374909
0.006450,2.377534
0.006460,2.380156
0.006470,2.382776
0.006480,2.385393
0.006490,2.388008
0.006500,2.390620
0.006510,2.393229
0.006520,2.395836
0.006530,2.398440
0.006540,2.401042
0.006550,2.403641
0.006560,2.406237
0.006570,2.408831
0.006580,2.411422
0.006590,2.414011
0.006600,2.416597
0.006610,2.419180
0.006620,2.421761
0.006630,2.424339
0.006640,2.426915
0.006650,2.429488
0.006660,2.432058
0.006670,2.434626
0.006680,2.437192
0.006690,2.439754
0.006700,2.442315
0.006710,2.444872
0.006720,2.447427
0.006730,2.449980
0.006740,2.452530
0.006750,2.455078
0.006760,2.457622
0.006770,2.460165
0.006780,2.462705
0.006790,2.465242
0.006800,2.467777
0.006810,2.470309
0.006820,2.472839
0.006830,2.475366
0.006840,2.477890
0.006850,2.480413
0.006860,2.482932
0.006870,2.485449
0.006880,2.487964
0.006890,2.490476
0.006900,2.492985
0.006910,2.495492
0.006920,2.497997
0.006930,2.500499
0.006940,2.502998
0.006950,2.505495
0.006960,2.507990
0.006970,2.510482
0.006980,2.512971
0.006990,2.515458
0.007000,2.517943
0.007010,2.520425
0.007020,2.522905
0.007030,2.525382
0.007040,2.527856
0.007050,2.530328
0.007060,2.532798
0.007070,2.535265
0.007080,2.537730
0.007090,2.540192
0.007100,2.542652
0.007110,2.545109
0.007120,2.547564
0.007130,2.550017
0.007140,2.552467
0.007150,2.554914
0.007160,2.557359
0.007170,2.559802
0.007180,2.562242
0.007190,2.564680
0.007200,2.567115
0.007210,2.569548
0.007220,2.571979
0.007230,2.574407
0.007240,2.576832
0.007250,2.579255
0.007260,2.581676
0.007270,2.584094
0.007280,2.586510
0.007290,2.588924
0.007300,2.591335
0.007310,2.593744
0.007320,2.596150
0.007330,2.598554
0.007340,2.600955
0.007350,2.603354
0.007360,2.605751
0.007370,2.608145
0.007380,2.610537
0.007390,2.612926
0.007400,2.615314
0.007410,2.617698
0.007420,2.620080
0.007430,2.622460
0.007440,2.624838
0.007450,2.627213
0.007460,2.629586
0.007470,2.631956
0.007480,2.634324
0.007490,2.636690
0.007500,2.639053
0.007510,2.641414
0.007520,2.643773
0.007530,2.646129
0.007540,2.648483
0.007550,2.650834
0.007560,2.653184
0.007570,2.655530
0.007580,2.657875
0.007590,2.660217
0.007600,2.662557
0.007610,2.664894
0.007620,2.667229
0.007630,2.669562
0.007640,2.671893
0.007650,2.674221
0.007660,2.676546
0.007670,2.678870
0.007680,2.681191
0.007690,2.683510
0.007700,2.685826
0.007710,2.688141
0.007720,2.690452
0.007730,2.692762
0.007740,2.695069
0.007750,2.697374
0.007760,2.699677
0.007770,2.701977
0.007780,2.704275
0.007790,2.706571
0.007800,2.708864
0.007810,2.711155
0.007820,2.713444
0.007830,2.715731
0.007840,2.718015
0.007850,2.720297
0.007860,2.722577
0.007870,2.724854
0.007880,2.727129
0.007890,2.729402
0.007900,2.731673
0.007910,2.733941
0.007920,2.736207
0.007930,2.738471
0.007940,2.740732
0.007950,2.742992
0.007960,2.745249
0.007970,2.747504
0.007980,2.749756
0.007990,2.752006
0.008000,2.754254
0.008010,2.756500
0.008020,2.758744
0.008030,2.760985
0.008040,2.763224
0.008050,2.765461
0.008060,2.767695
0.008070,2.769927
0.008080,2.772157
0.008090,2.774385
0.008100,2.776611
0.008110,2.778834
0.008120,2.781055
0.008130,2.783274
0.008140,2.785491
0.008150,2.787706
0.008160,2.789918
0.008170,2.792128
0.008180,2.794336
0.008190,2.796542
0.008200,2.798745
0.008210,2.800946
0.008220,2.803145
0.008230,2.805342
0.008240,2.807537
0.008250,2.809729
0.008260,2.811920
0.008270,2.814108
0.008280,2.816294
0.008290,2.818477
0.008300,2.820659
0.008310,2.822838
0.008320,2.825015
0.008330,2.827190
0.008340,2.829363
0.008350,2.831534
0.008360,2.833702
0.008370,2.835868
0.008380,2.838033
0.008390,2.840195
0.008400,2.842354
0.008410,2.844512
0.008420,2.846668
0.008430,2.848821
0.008440,2.850972
0.008450,2.853121
0.008460,2.855268
0.008470,2.857413
0.008480,2.859555
0.008490,2.861696
0.008500,2.863834
0.008510,2.865970
0.008520,2.868104
0.008530,2.870236
0.008540,2.872366
0.008550,2.874493
0.008560,2.876619
0.008570,2.878742
0.008580,2.880864
0.008590,2.882983
0.008600,2.885100
0.008610,2.887215
0.008620,2.889327
0.008630,2.891438
0.008640,2.893547
0.008650,2.895653
0.008660,2.897758
0.008670,2.899860
0.008680,2.901960
0.008690,2.904058
0.008700,2.906154
0.008710,2.908248
0.008720,2.910339
0.008730,2.912429
0.008740,2.914517
0.008750,2.916602
0.008760,2.918686
0.008770,2.920767
0.008780,2.922846
0.008790,2.924923
0.008800,2.926998
0.008810,2.929071
0.008820,2.931142
0.008830,2.933211
0.008840,2.935278
0.008850,2.937343
0.008860,2.939405
0.008870,2.941466
0.008880,2.943524
0.008890,2.945581
0.008900,2.947635
0.008910,2.949688
0.008920,2.951738
0.008930,2.953786
0.008940,2.955833
0.008950,2.957877
0.008960,2.959919
0.008970,2.961959
0.008980,2.963997
0.008990,2.966033
0.009000,2.968067
0.009010,2.970099
0.009020,2.972129
0.009030,2.974157
0.009040,2.976182
0.009050,2.978206
0.009060,2.980228
0.009070,2.982248
0.009080,2.984266
0.009090,2.986281
0.009100,2.988295
0.009110,2.990307
0.009120,2.992316
0.009130,2.994324
0.009140,2.996330
0.009150,2.998333
0.009160,3.000335
0.009170,3.002335
0.009180,3.004332
0.009190,3.006328
0.009200,3.008322
0.009210,3.010313
0.009220,3.012303
0.009230,3.014291
0.009240,3.016277
0.009250,3.018260
0.009260,3.020242
0.009270,3.022222
0.009280,3.024200
0.009290,3.026175
0.009300,3.028149
0.009310,3.030121
0.009320,3.032091
0.009330,3.034059
0.009340,3.036025
0.009350,3.037989
0.009360,3.039951
0.009370,3.041911
0.009380,3.043869
0.009390,3.045825
0.009400,3.047779
0.009410,3.049731
0.009420,3.051682
0.009430,3.053630
0.009440,3.055576
0.009450,3.057521
0.009460,3.059463
0.009470,3.061404
0.009480,3.063342
0.009490,3.065279
0.009500,3.067214
0.009510,3.069147
0.009520,3.071077
0.009530,3.073006
0.009540,3.074933
0.009550,3.076858
0.009560,3.078782
0.009570,3.080703
0.009580,3.082622
0.009590,3.084539
0.009600,3.086455
0.009610,3.088368
0.009620,3.090280
0.009630,3.092190
0.009640,3.094098
0.009650,3.096004
0.009660,3.097908
0.009670,3.099810
0.009680,3.101710
0.009690,3.103608
0.009700,3.105504
0.009710,3.107399
0.009720,3.109292
0.009730,3.111182
0.009740,3.113071
0.009750,3.114958
0.009760,3.116843
0.009770,3.118726
0.009780,3.120608
0.009790,3.122487
0.009800,3.124364
0.009810,3.126240
0.009820,3.128114
0.009830,3.129986
0.009840,3.131856
0.009850,3.133724
0.009860,3.135590
0.009870,3.137455
0.009880,3.139317
0.009890,3.141178
0.009900,3.143037
0.009910,3.144894
0.009920,3.146749
0.009930,3.148602
0.009940,3.150453
0.009950,3.152303
0.009960,3.154151
0.009970,3.155996
0.009980,3.157840
0.009990,3.159683
0.010000,3.161523
0.010010,3.163361
0.010020,3.165198
0.010030,3.167033
0.010040,3.168866
0.010050,3.170697
0.010060,3.172526
0.010070,3.174354
0.010080,3.176179
0.010090,3.178003
0.010100,3.179825
0.010110,3.181645
0.010120,3.183464
0.010130,3.185280
0.010140,3.187095
0.010150,3.188908
0.010160,3.190719
0.010170,3.192528
0.010180,3.194336
0.010190,3.196141
0.010200,3.197945
0.010210,3.199747
0.010220,3.201548
0.010230,3.203346
0.010240,3.205143
0.010250,3.206937
0.010260,3.208731
0.010270,3.210522
0.010280,3.212311
0.010290,3.214099
0.010300,3.215885
0.010310,3.217669
0.010320,3.219451
0.010330,3.221232
0.010340,3.223011
0.010350,3.224788
0.010360,3.226563
0.010370,3.228336
0.010380,3.230108
0.010390,3.231878
0.010400,3.233646
0.010410,3.235412
0.010420,3.237177
0.010430,3.238940
0.010440,3.240701
0.010450,3.242460
0.010460,3.244218
0.010470,3.245973
0.010480,3.247727
0.010490,3.249480
0.010500,3.251230
0.010510,3.252979
0.010520,3.254726
0.010530,3.256471
0.010540,3.258215
0.010550,3.259957
0.010560,3.261697
0.010570,3.263435
0.010580,3.265172
0.010590,3.266906
0.010600,3.268639
0.010610,3.270371
0.010620,3.272100
0.010630,3.273828
0.010640,3.275554
0.010650,3.277279
0.010660,3.279002
0.010670,3.280723
0.010680,3.282442
0.010690,3.284159
0.010700,3.285875
0.010710,3.287589
0.010720,3.289302
0.010730,3.291013
0.010740,3.292722
0.010750,3.294429
0.010760,3.296134
0.010770,3.297838
0.010780,3.299540
0.010790,3.301241
0.010800,3.302940
0.010810,3.304637
0.010820,3.306332
0.010830,3.308026
0.010840,3.309718
0.010850,3.311408
0.010860,3.313097
0.010870,3.314783
0.010880,3.316469
0.010890,3.318152
0.010900,3.319834
0.010910,3.321514
0.010920,3.323193
0.010930,3.324870
0.010940,3.326545
0.010950,3.328218
0.010960,3.329890
0.010970,3.331560
0.010980,3.333228
0.010990,3.334895
0.011000,3.336560
0.011010,3.338224
0.011020,3.339886
0.011030,3.341546
0.011040,3.343204
0.011050,3.344861
0.011060,3.346516
0.011070,3.348170
0.011080,3.349821
0.011090,3.351472
0.011100,3.353120
0.011110,3.354767
0.011120,3.356412
0.011130,3.358056
0.011140,3.359698
0.011150,3.361338
0.011160,3.362977
0.011170,3.364614
0.011180,3.366249
0.011190,3.367883
0.011200,3.369515
0.011210,3.371145
0.011220,3.372774
0.011230,3.374402
0.011240,3.376027
0.011250,3.377651
0.011260,3.379273
0.011270,3.380894
0.011280,3.382513
0.011290,3.384131
0.011300,3.385747
0.011310,3.387361
0.011320,3.388974
0.011330,3.390585
0.011340,3.392194
0.011350,3.393802
0.011360,3.395408
0.011370,3.397013
0.011380,3.398616
0.011390,3.400217
0.011400,3.401817
0.011410,3.403415
0.011420,3.405011
0.011430,3.406606
0.011440,3.408200
0.011450,3.409792
0.011460,3.411382
0.011470,3.412971
0.011480,3.414558
0.011490,3.416143
0.011500,3.417727
0.011510,3.419309
0.011520,3.420890
0.011530,3.422469
0.011540,3.424046
0.011550,3.425622
0.011560,3.427197
0.011570,3.428770
0.011580,3.430341
0.011590,3.431910
0.011600,3.433479
0.011610,3.435045
0.011620,3.436610
0.011630,3.438173
0.011640,3.439735
0.011650,3.441296
0.011660,3.442854
0.011670,3.444411
0.011680,3.445967
0.011690,3.447521
0.011700,3.449073
0.011710,3.450624
0.011720,3.452174
0.011730,3.453722
0.011740,3.455268
0.011750,3.456813
0.011760,3.458356
0.011770,3.459897
0.011780,3.461438
0.011790,3.462976
0.011800,3.464513
0.011810,3.466049
0.011820,3.467583
0.011830,3.469115
0.011840,3.470646
0.011850,3.472175
0.011860,3.473703
0.011870,3.475229
0.011880,3.476754
0.011890,3.478277
0.011900,3.479799
0.011910,3.481319
0.011920,3.482838
0.011930,3.484355
0.011940,3.485871
0.011950,3.487385
0.011960,3.488898
0.011970,3.490409
0.011980,3.491918
0.011990,3.493426
0.012000,3.494933
0.012010,3.496438
0.012020,3.497941
0.012030,3.499444
0.012040,3.500944
0.012050,3.502443
0.012060,3.503941
0.012070,3.505437
0.012080,3.506931
0.012090,3.508424
0.012100,3.509916
0.012110,3.511406
0.012120,3.512895
0.012130,3.514382
0.012140,3.515867
0.012150,3.517352
0.012160,3.518834
0.012170,3.520315
0.012180,3.521795
0.012190,3.523273
0.012200,3.524750
0.012210,3.526225
0.012220,3.527699
0.012230,3.529171
0.012240,3.530642
0.012250,3.532111
0.012260,3.533579
0.012270,3.535046
0.012280,3.536511
0.012290,3.537974
0.012300,3.539436
0.012310,3.540897
0.012320,3.542356
0.012330,3.543814
0.012340,3.545270
0.012350,3.546724
0.012360,3.548178
0.012370,3.549630
0.012380,3.551080
0.012390,3.552529
0.012400,3.553976
0.012410,3.555422
0.012420,3.556867
0.012430,3.558310
0.012440,3.559752
0.012450,3.561192
0.012460,3.562631
0.012470,3.564068
0.012480,3.565504
0.012490,3.566939
0.012500,3.568372
0.012510,3.569803
0.012520,3.571233
0.012530,3.572662
0.012540,3.574090
0.012550,3.575516
0.012560,3.576940
0.012570,3.578363
0.012580,3.579785
0.012590,3.581205
0.012600,3.582624
0.012610,3.584041
0.012620,3.585457
0.012630,3.586872
0.012640,3.588285
0.012650,3.589696
0.012660,3.591107
0.012670,3.592516
0.012680,3.593923
0.012690,3.595329
0.012700,3.596734
0.012710,3.598137
0.012720,3.599539
0.012730,3.600939
0.012740,3.602338
0.012750,3.603736
0.012760,3.605132
0.012770,3.606527
0.012780,3.607921
0.012790,3.609313
0.012800,3.610704
0.012810,3.612093
0.012820,3.613481
0.012830,3.614867
0.012840,3.616252
0.012850,3.617636
0.012860,3.619018
0.012870,3.620399
0.012880,3.621779
0.012890,3.623157
0.012900,3.624534
0.012910,3.625910
0.012920,3.627284
0.012930,3.628656
0.012940,3.630028
0.012950,3.631398
0.012960,3.632766
0.012970,3.634134
0.012980,3.635499
0.012990,3.636864
0.013000,3.638227
0.013010,3.639589
0.013020,3.640949
0.013030,3.642308
0.013040,3.643666
0.013050,3.645022
0.013060,3.646377
0.013070,3.647731
0.013080,3.649083
0.013090,3.650434
0.013100,3.651784
0.013110,3.653132
0.013120,3.654479
0.013130,3.655824
0.013140,3.657168
0.013150,3.658511
0.013160,3.659853
0.013170,3.661193
0.013180,3.662532
0.013190,3.663869
0.013200,3.665205
0.013210,3.666540
0.013220,3.667874
0.013230,3.669206
0.013240,3.670537
0.013250,3.671866
0.013260,3.673194
0.013270,3.674521
0.013280,3.675846
0.013290,3.677171
0.013300,3.678493
0.013310,3.679815
0.013320,3.681135
0.013330,3.682454
0.013340,3.683771
0.013350,3.685088
0.013360,3.686403
0.013370,3.687716
0.013380,3.689028
0.013390,3.690339
0.013400,3.691649
0.013410,3.692957
0.013420,3.694265
0.013430,3.695570
0.013440,3.696875
0.013450,3.698178
0.013460,3.699480
0.013470,3.700780
0.013480,3.702079
0.013490,3.703377
0.013500,3.704674
0.013510,3.705969
0.013520,3.707263
0.013530,3.708556
0.013540,3.709847
0.013550,3.711138
0.013560,3.712426
0.013570,3.713714
0.013580,3.715000
0.013590,3.716285
0.013600,3.717569
0.013610,3.718851
0.013620,3.720133
0.013630,3.721412
0.013640,3.722691
0.013650,3.723968
0.013660,3.725244
0.013670,3.726519
0.013680,3.727793
0.013690,3.729065
0.013700,3.730336
0.013710,3.731605
0.013720,3.732874
0.013730,3.734141
0.013740,3.735407
0.013750,3.736671
0.013760,3.737935
0.013770,3.739197
0.013780,3.740458
0.013790,3.741717
0.013800,3.742975
0.013810,3.744232
0.013820,3.745488
0.013830,3.746743
0.013840,3.747996
0.013850,3.749248
0.013860,3.750499
0.013870,3.751748
0.013880,3.752997
0.013890,3.754244
0.013900,3.755489
0.013910,3.756734
0.013920,3.757977
0.013930,3.759219
0.013940,3.760460
0.013950,3.761699
0.013960,3.762938
0.013970,3.764175
0.013980,3.765411
0.013990,3.766645
0.014000,3.767879
0.014010,3.769111
0.014020,3.770342
0.014030,3.771571
0.014040,3.772800
0.014050,3.774027
0.014060,3.775253
0.014070,3.776478
0.014080,3.777701
0.014090,3.778923
0.014100,3.780144
0.014110,3.781364
0.014120,3.782583
0.014130,3.783800
0.014140,3.785017
0.014150,3.786232
0.014160,3.787445
0.014170,3.788658
0.014180,3.789869
0.014190,3.791079
0.014200,3.792288
0.014210,3.793496
0.014220,3.794702
0.014230,3.795908
0.014240,3.797112
0.014250,3.798315
0.014260,3.799516
0.014270,3.800717
0.014280,3.801916
0.014290,3.803114
0.014300,3.804311
0.014310,3.805507
0.014320,3.806701
0.014330,3.807895
0.014340,3.809087
0.014350,3.810278
0.014360,3.811467
0.014370,3.812656
0.014380,3.813843
0.014390,3.815029
0.014400,3.816214
0.014410,3.817398
0.014420,3.818581
0.014430,3.819762
0.014440,3.820942
0.014450,3.822122
0.014460,3.823299
0.014470,3.824476
0.014480,3.825652
0.014490,3.826826
0.014500,3.827999
0.014510,3.829171
0.014520,3.830342
0.014530,3.831512
0.014540,3.832680
0.014550,3.833847
0.014560,3.835014
0.014570,3.836179
0.014580,3.837342
0.014590,3.838505
0.014600,3.839667
0.014610,3.840827
0.014620,3.841986
0.014630,3.843144
0.014640,3.844301
0.014650,3.845457
0.014660,3.846611
0.014670,3.847765
0.014680,3.848917
0.014690,3.850068
0.014700,3.851218
0.014710,3.852367
0.014720,3.853514
0.014730,3.854661
0.014740,3.855806
0.014750,3.856950
0.014760,3.858093
0.014770,3.859235
0.014780,3.860376
0.014790,3.861516
0.014800,3.862654
0.014810,3.863791
0.014820,3.864928
0.014830,3.866063
0.014840,3.867197
0.014850,3.868329
0.014860,3.869461
0.014870,3.870592
0.014880,3.871721
0.014890,3.872849
0.014900,3.873976
0.014910,3.875103
0.014920,3.876227
0.014930,3.877351
0.014940,3.878474
0.014950,3.879595
0.014960,3.880716
0.014970,3.881835
0.014980,3.882953
0.014990,3.884070
0.015000,3.885186
0.015010,3.886301
0.015020,3.887415
0.015030,3.888527
0.015040,3.889639
0.015050,3.890749
0.015060,3.891858
0.015070,3.892967
0.015080,3.894074
0.015090,3.895179
0.015100,3.896284
0.015110,3.897388
0.015120,3.898491
0.015130,3.899592
0.015140,3.900693
0.015150,3.901792
0.015160,3.902890
0.015170,3.903987
0.015180,3.905083
0.015190,3.906178
0.015200,3.907272
0.015210,3.908365
0.015220,3.909456
0.015230,3.910547
0.015240,3.911636
0.015250,3.912725
0.015260,3.913812
0.015270,3.914898
0.015280,3.915983
0.015290,3.917067
0.015300,3.918150
0.015310,3.919232
0.015320,3.920313
0.015330,3.921392
0.015340,3.922471
0.015350,3.923549
0.015360,3.924625
0.015370,3.925700
0.015380,3.926775
0.015390,3.927848
0.015400,3.928920
0.015410,3.929991
0.015420,3.931061
0.015430,3.932130
0.015440,3.933198
0.015450,3.934265
0.015460,3.935331
0.015470,3.936395
0.015480,3.937459
0.015490,3.938521
0.015500,3.939583
0.015510,3.940643
0.015520,3.941703
0.015530,3.942761
0.015540,3.943818
0.015550,3.944874
0.015560,3.945929
0.015570,3.946984
0.015580,3.948037
0.015590,3.949088
0.015600,3.950139
0.015610,3.951189
0.015620,3.952238
0.015630,3.953286
0.015640,3.954333
0.015650,3.955378
0.015660,3.956423
0.015670,3.957466
0.015680,3.958509
0.015690,3.959550
0.015700,3.960591
0.015710,3.961630
0.015720,3.962669
0.015730,3.963706
0.015740,3.964742
0.015750,3.965778
0.015760,3.966812
0.015770,3.967845
0.015780,3.968877
0.015790,3.969908
0.015800,3.970938
0.015810,3.971967
0.015820,3.972995
0.015830,3.974022
0.015840,3.975048
0.015850,3.976073
0.015860,3.977097
0.015870,3.978120
0.015880,3.979142
0.015890,3.980163
0.015900,3.981183
0.015910,3.982202
0.015920,3.983219
0.015930,3.984236
0.015940,3.985252
0.015950,3.986267
0.015960,3.987280
0.015970,3.988293
0.015980,3.989305
0.015990,3.990316
0.016000,3.991325
0.016010,3.992334
0.016020,3.993342
0.016030,3.994348
0.016040,3.995354
0.016050,3.996359
0.016060,3.997362
0.016070,3.998365
0.016080,3.999366
0.016090,4.000367
0.016100,4.001367
0.016110,4.002365
0.016120,4.003363
0.016130,4.004360
0.016140,4.005355
0.016150,4.006350
0.016160,4.007344
0.016170,4.008336
0.016180,4.009328
0.016190,4.010319
0.016200,4.011308
0.016210,4.012297
0.016220,4.013285
0.016230,4.014271
0.016240,4.015257
0.016250,4.016242
0.016260,4.017226
0.016270,4.018208
0.016280,4.019190
0.016290,4.020171
0.016300,4.021151
0.016310,4.022130
0.016320,4.023107
0.016330,4.024084
0.016340,4.025060
0.016350,4.026035
0.016360,4.027009
0.016370,4.027982
0.016380,4.028954
0.016390,4.029925
0.016400,4.030895
0.016410,4.031864
0.016420,4.032833
0.016430,4.033800
0.016440,4.034766
0.016450,4.035731
0.016460,4.036695
0.016470,4.037659
0.016480,4.038621
0.016490,4.039582
0.016500,4.040543
0.016510,4.041502
0.016520,4.042461
0.016530,4.043418
0.016540,4.044375
0.016550,4.045331
0.016560,4.046285
0.016570,4.047239
0.016580,4.048192
0.016590,4.049144
0.016600,4.050094
0.016610,4.051044
0.016620,4.051993
0.016630,4.052941
0.016640,4.053888
0.016650,4.054834
0.016660,4.055780
0.016670,4.056724
0.016680,4.057667
0.016690,4.058609
0.016700,4.059551
0.016710,4.060491
0.016720,4.061431
0.016730,4.062369
0.016740,4.063307
0.016750,4.064244
0.016760,4.065179
0.016770,4.066114
0.016780,4.067048
0.016790,4.067981
0.016800,4.068913
0.016810,4.069844
0.016820,4.070774
0.016830,4.071704
0.016840,4.072632
0.016850,4.073559
0.016860,4.074486
0.016870,4.075411
0.016880,4.076336
0.016890,4.077259
0.016900,4.078182
0.016910,4.079104
0.016920,4.080025
0.016930,4.080945
0.016940,4.081864
0.016950,4.082782
0.016960,4.083699
0.016970,4.084616
0.016980,4.085531
0.016990,4.086445
0.017000,4.087359
0.017010,4.088272
0.017020,4.089183
0.017030,4.090094
0.017040,4.091004
0.017050,4.091913
0.017060,4.092821
0.017070,4.093728
0.017080,4.094635
0.017090,4.095540
0.017100,4.096444
0.017110,4.097348
0.017120,4.098251
0.017130,4.099152
0.017140,4.100053
0.017150,4.100953
0.017160,4.101852
0.017170,4.102750
0.017180,4.103648
0.017190,4.104544
0.017200,4.105439
0.017210,4.106334
0.017220,4.107228
0.017230,4.108120
0.017240,4.109012
0.017250,4.109903
0.017260,4.110793
0.017270,4.111683
0.017280,4.112571
0.017290,4.113458
0.017300,4.114345
0.017310,4.115231
0.017320,4.116115
0.017330,4.116999
0.017340,4.117882
0.017350,4.118764
0.017360,4.119646
0.017370,4.120526
0.017380,4.121405
0.017390,4.122284
0.017400,4.123162
0.017410,4.124039
0.017420,4.124914
0.017430,4.125790
0.017440,4.126664
0.017450,4.127537
0.017460,4.128410
0.017470,4.129281
0.017480,4.130152
0.017490,4.131022
0.017500,4.131891
0.017510,4.132759
0.017520,4.133626
0.017530,4.134492
0.017540,4.135358
0.017550,4.136223
0.017560,4.137086
0.017570,4.137949
0.017580,4.138811
0.017590,4.139673
0.017600,4.140533
0.017610,4.141392
0.017620,4.142251
0.017630,4.143109
0.017640,4.143966
0.017650,4.144822
0.017660,4.145677
0.017670,4.146531
0.017680,4.147385
0.017690,4.148237
0.017700,4.149089
0.017710,4.149940
0.017720,4.150790
0.017730,4.151639
0.017740,4.152487
0.017750,4.153335
0.017760,4.154182
0.017770,4.155027
0.017780,4.155872
0.017790,4.156717
0.017800,4.157560
0.017810,4.158402
0.017820,4.159244
0.017830,4.160085
0.017840,4.160925
0.017850,4.161764
0.017860,4.162602
0.017870,4.163439
0.017880,4.164276
0.017890,4.165112
0.017900,4.165946
0.017910,4.166781
0.017920,4.167614
0.017930,4.168446
0.017940,4.169278
0.017950,4.170108
0.017960,4.170938
0.017970,4.171767
0.017980,4.172596
0.017990,4.173423
0.018000,4.174250
0.018010,4.175075
0.018020,4.175900
0.018030,4.176724
0.018040,4.177548
0.018050,4.178370
0.018060,4.179192
0.018070,4.180013
0.018080,4.180832
0.018090,4.181652
0.018100,4.182470
0.018110,4.183288
0.018120,4.184104
0.018130,4.184920
0.018140,4.185735
0.018150,4.186549
0.018160,4.187363
0.018170,4.188176
0.018180,4.188987
0.018190,4.189798
0.018200,4.190609
0.018210,4.191418
0.018220,4.192227
0.018230,4.193034
0.018240,4.193841
0.018250,4.194647
0.018260,4.195453
0.018270,4.196257
0.018280,4.197061
0.018290,4.197864
0.018300,4.198666
0.018310,4.199468
0.018320,4.200268
0.018330,4.201068
0.018340,4.201867
0.018350,4.202665
0.018360,4.203462
0.018370,4.204259
0.018380,4.205054
0.018390,4.205849
0.018400,4.206644
0.018410,4.207437
0.018420,4.208230
0.018430,4.209021
0.018440,4.209812
0.018450,4.210602
0.018460,4.211392
0.018470,4.212180
0.018480,4.212968
0.018490,4.213755
0.018500,4.214542
0.018510,4.215327
0.018520,4.216112
0.018530,4.216896
0.018540,4.217679
0.018550,4.218461
0.018560,4.219243
0.018570,4.220023
0.018580,4.220803
0.018590,4.221582
0.018600,4.222361
0.018610,4.223139
0.018620,4.223915
0.018630,4.224691
0.018640,4.225467
0.018650,4.226241
0.018660,4.227015
0.018670,4.227788
0.018680,4.228560
0.018690,4.229332
0.018700,4.230102
0.018710,4.230872
0.018720,4.231641
0.018730,4.232410
0.018740,4.233177
0.018750,4.233944
0.018760,4.234710
0.018770,4.235476
0.018780,4.236240
0.018790,4.237004
0.018800,4.237767
0.018810,4.238529
0.018820,4.239290
0.018830,4.240051
0.018840,4.240811
0.018850,4.241570
0.018860,4.242329
0.018870,4.243086
0.018880,4.243843
0.018890,4.244600
0.018900,4.245355
0.018910,4.246110
0.018920,4.246863
0.018930,4.247617
0.018940,4.248369
0.018950,4.249121
0.018960,4.249871
0.018970,4.250622
0.018980,4.251371
0.018990,4.252120
0.019000,4.252867
0.019010,4.253615
0.019020,4.254361
0.019030,4.255107
0.019040,4.255852
0.019050,4.256596
0.019060,4.257339
0.019070,4.258082
0.019080,4.258824
0.019090,4.259565
0.019100,4.260305
0.019110,4.261045
0.019120,4.261784
0.019130,4.262522
0.019140,4.263260
0.019150,4.263996
0.019160,4.264732
0.019170,4.265468
0.019180,4.266202
0.019190,4.266936
0.019200,4.267669
0.019210,4.268401
0.019220,4.269133
0.019230,4.269864
0.019240,4.270594
0.019250,4.271323
0.019260,4.272052
0.019270,4.272780
0.019280,4.273507
0.019290,4.274234
0.019300,4.274959
0.019310,4.275685
0.019320,4.276409
0.019330,4.277132
0.019340,4.277855
0.019350,4.278577
0.019360,4.279299
0.019370,4.280020
0.019380,4.280740
0.019390,4.281459
0.019400,4.282177
0.019410,4.282895
0.019420,4.283612
0.019430,4.284329
0.019440,4.285044
0.019450,4.285759
0.019460,4.286474
0.019470,4.287187
0.019480,4.287900
0.019490,4.288612
0.019500,4.289323
0.019510,4.290034
0.019520,4.290744
0.019530,4.291453
0.019540,4.292162
0.019550,4.292870
0.019560,4.293577
0.019570,4.294283
0.019580,4.294989
0.019590,4.295694
0.019600,4.296398
0.019610,4.297102
0.019620,4.297805
0.019630,4.298507
0.019640,4.299208
0.019650,4.299909
0.019660,4.300609
0.019670,4.301309
0.019680,4.302007
0.019690,4.302705
0.019700,4.303403
0.019710,4.304099
0.019720,4.304795
0.019730,4.305490
0.019740,4.306185
0.019750,4.306879
0.019760,4.307572
0.019770,4.308264
0.019780,4.308956
0.019790,4.309647
0.019800,4.310337
0.019810,4.311027
0.019820,4.311716
0.019830,4.312404
0.019840,4.313092
0.019850,4.313779
0.019860,4.314465
0.019870,4.315151
0.019880,4.315835
0.019890,4.316520
0.019900,4.317203
0.019910,4.317886
0.019920,4.318568
0.019930,4.319249
0.019940,4.319930
0.019950,4.320610
0.019960,4.321290
0.019970,4.321968
0.019980,4.322646
0.019990,4.323324
0.020000,4.324000
0.020010,4.324676
0.020020,4.325352
0.020030,4.326026
0.020040,4.326700
0.020050,4.327374
0.020060,4.328046
0.020070,4.328718
0.020080,4.329389
0.020090,4.330060
0.020100,4.330730
0.020110,4.331399
0.020120,4.332068
0.020130,4.332736
0.020140,4.333403
0.020150,4.334070
0.020160,4.334736
0.020170,4.335401
0.020180,4.336065
0.020190,4.336729
0.020200,4.337393
0.020210,4.338055
0.020220,4.338717
0.020230,4.339379
0.020240,4.340039
0.020250,4.340699
0.020260,4.341358
0.020270,4.342017
0.020280,4.342675
0.020290,4.343332
0.020300,4.343989
0.020310,4.344645
0.020320,4.345300
0.020330,4.345955
0.020340,4.346609
0.020350,4.347263
0.020360,4.347915
0.020370,4.348567
0.020380,4.349219
0.020390,4.349870
0.020400,4.350520
0.020410,4.351169
0.020420,4.351818
0.020430,4.352466
0.020440,4.353114
0.020450,4.353761
0.020460,4.354407
0.020470,4.355052
0.020480,4.355697
0.020490,4.356342
0.020500,4.356985
0.020510,4.357628
0.020520,4.358271
0.020530,4.358912
0.020540,4.359554
0.020550,4.360194
0.020560,4.360834
0.020570,4.361473
0.020580,4.362111
0.020590,4.362749
0.020600,4.363387
0.020610,4.364023
0.020620,4.364659
0.020630,4.365295
0.020640,4.365929
0.020650,4.366563
0.020660,4.367197
0.020670,4.367830
0.020680,4.368462
0.020690,4.369093
0.020700,4.369724
0.020710,4.370354
0.020720,4.370984
0.020730,4.371613
0.020740,4.372242
0.020750,4.372869
0.020760,4.373496
0.020770,4.374123
0.020780,4.374749
0.020790,4.375374
0.020800,4.375999
0.020810,4.376623
0.020820,4.377246
0.020830,4.377869
0.020840,4.378491
0.020850,4.379112
0.020860,4.379733
0.020870,4.380354
0.020880,4.380973
0.020890,4.381592
0.020900,4.382211
0.020910,4.382828
0.020920,4.383446
0.020930,4.384062
0.020940,4.384678
0.020950,4.385293
0.020960,4.385908
0.020970,4.386522
0.020980,4.387136
0.020990,4.387749
0.021000,4.388361
0.021010,4.388972
0.021020,4.389584
0.021030,4.390194
0.021040,4.390804
0.021050,4.391413
0.021060,4.392022
0.021070,4.392629
0.021080,4.393237
0.021090,4.393844
0.021100,4.394450
0.021110,4.395055
0.021120,4.395660
0.021130,4.396265
0.021140,4.396868
0.021150,4.397471
0.021160,4.398074
0.021170,4.398676
0.021180,4.399277
0.021190,4.399878
0.021200,4.400478
0.021210,4.401078
0.021220,4.401677
0.021230,4.402275
0.021240,4.402873
0.021250,4.403470
0.021260,4.404066
0.021270,4.404662
0.021280,4.405258
0.021290,4.405852
0.021300,4.406446
0.021310,4.407040
0.021320,4.407633
0.021330,4.408225
0.021340,4.408817
0.021350,4.409408
0.021360,4.409999
0.021370,4.410589
0.021380,4.411178
0.021390,4.411767
0.021400,4.412355
0.021410,4.412943
0.021420,4.413530
0.021430,4.414116
0.021440,4.414702
0.021450,4.415288
0.021460,4.415872
0.021470,4.416457
0.021480,4.417040
0.021490,4.417623
0.021500,4.418205
0.021510,4.418787
0.021520,4.419368
0.021530,4.419949
0.021540,4.420529
0.021550,4.421109
0.021560,4.421687
0.021570,4.422266
0.021580,4.422843
0.021590,4.423421
0.021600,4.423997
0.021610,4.424573
0.021620,4.425149
0.021630,4.425724
0.021640,4.426298
0.021650,4.426871
0.021660,4.427445
0.021670,4.428017
0.021680,4.428589
0.021690,4.429161
0.021700,4.429731
0.021710,4.430302
0.021720,4.430871
0.021730,4.431441
0.021740,4.432009
0.021750,4.432577
0.021760,4.433144
0.021770,4.433711
0.021780,4.434278
0.021790,4.434843
0.021800,4.435408
0.021810,4.435973
0.021820,4.436537
0.021830,4.437101
0.021840,4.437663
0.021850,4.438226
0.021860,4.438788
0.021870,4.439349
0.021880,4.439909
0.021890,4.440470
0.021900,4.441029
0.021910,4.441588
0.021920,4.442146
0.021930,4.442704
0.021940,4.443262
0.021950,4.443818
0.021960,4.444375
0.021970,4.444930
0.021980,4.445485
0.021990,4.446040
0.022000,4.446594
0.022010,4.447147
0.022020,4.447700
0.022030,4.448252
0.022040,4.448804
0.022050,4.449355
0.022060,4.449906
0.022070,4.450456
0.022080,4.451005
0.022090,4.451554
0.022100,4.452103
0.022110,4.452651
0.022120,4.453198
0.022130,4.453745
0.022140,4.454291
0.022150,4.454837
0.022160,4.455382
0.022170,4.455927
0.022180,4.456471
0.022190,4.457014
0.022200,4.457557
0.022210,4.458100
0.022220,4.458642
0.022230,4.459183
0.022240,4.459724
0.022250,4.460264
0.022260,4.460804
0.022270,4.461343
0.022280,4.461882
0.022290,4.462420
0.022300,4.462957
0.022310,4.463494
0.022320,4.464031
0.022330,4.464567
0.022340,4.465102
0.022350,4.465637
0.022360,4.466172
0.022370,4.466705
0.022380,4.467239
0.022390,4.467771
0.022400,4.468304
0.022410,4.468835
0.022420,4.469367
0.022430,4.469897
0.022440,4.470427
0.022450,4.470957
0.022460,4.471486
0.022470,4.472014
0.022480,4.472542
0.022490,4.473070
0.022500,4.473597
0.022510,4.474123
0.022520,4.474649
0.022530,4.475174
0.022540,4.475699
0.022550,4.476224
0.022560,4.476747
0.022570,4.477271
0.022580,4.477793
0.022590,4.478316
0.022600,4.478837
0.022610,4.479358
0.022620,4.479879
0.022630,4.480399
0.022640,4.480919
0.022650,4.481438
0.022660,4.481956
0.022670,4.482474
0.022680,4.482992
0.022690,4.483509
0.022700,4.484025
0.022710,4.484541
0.022720,4.485057
0.022730,4.485572
0.022740,4.486086
0.022750,4.486600
0.022760,4.487114
0.022770,4.487626
0.022780,4.488139
0.022790,4.488651
0.022800,4.489162
0.022810,4.489673
0.022820,4.490183
0.022830,4.490693
0.022840,4.491202
0.022850,4.491711
0.022860,4.492219
0.022870,4.492727
0.022880,4.493234
0.022890,4.493741
0.022900,4.494247
0.022910,4.494753
0.022920,4.495258
0.022930,4.495763
0.022940,4.496267
0.022950,4.496771
0.022960,4.497274
0.022970,4.497777
0.022980,4.498279
0.022990,4.498781
0.023000,4.499282
0.023010,4.499783
0.023020,4.500283
0.023030,4.500783
0.023040,4.501282
0.023050,4.501781
0.023060,4.502279
0.023070,4.502777
0.023080,4.503274
0.023090,4.503771
0.023100,4.504267
0.023110,4.504763
0.023120,4.505258
0.023130,4.505753
0.023140,4.506247
0.023150,4.506741
0.023160,4.507234
0.023170,4.507727
0.023180,4.508219
0.023190,4.508711
0.023200,4.509202
0.023210,4.509693
0.023220,4.510183
0.023230,4.510673
0.023240,4.511162
0.023250,4.511651
0.023260,4.512140
0.023270,4.512627
0.023280,4.513115
0.023290,4.513602
0.023300,4.514088
0.023310,4.514574
0.023320,4.515059
0.023330,4.515544
0.023340,4.516029
0.023350,4.516513
0.023360,4.516996
0.023370,4.517479
0.023380,4.517962
0.023390,4.518444
0.023400,4.518925
0.023410,4.519406
0.023420,4.519887
0.023430,4.520367
0.023440,4.520847
0.023450,4.521326
0.023460,4.521805
0.023470,4.522283
0.023480,4.522761
0.023490,4.523238
0.023500,4.523715
0.023510,4.524191
0.023520,4.524667
0.023530,4.525142
0.023540,4.525617
0.023550,4.526091
0.023560,4.526565
0.023570,4.527039
0.023580,4.527512
0.023590,4.527984
0.023600,4.528456
0.023610,4.528928
0.023620,4.529399
0.023630,4.529869
0.023640,4.530339
0.023650,4.530809
0.023660,4.531278
0.023670,4.531747
0.023680,4.532215
0.023690,4.532683
0.023700,4.533150
0.023710,4.533617
0.023720,4.534084
0.023730,4.534549
0.023740,4.535015
0.023750,4.535480
0.023760,4.535944
0.023770,4.536408
0.023780,4.536872
0.023790,4.537335
0.023800,4.537798
0.023810,4.538260
0.023820,4.538722
0.023830,4.539183
0.023840,4.539644
0.023850,4.540104
0.023860,4.540564
0.023870,4.541024
0.023880,4.541483
0.023890,4.541941
0.023900,4.542399
0.023910,4.542857
0.023920,4.543314
0.023930,4.543771
0.023940,4.544227
0.023950,4.544683
0.023960,4.545138
0.023970,4.545593
0.023980,4.546047
0.023990,4.546501
0.024000,4.546955
0.024010,4.547408
0.024020,4.547860
0.024030,4.548312
0.024040,4.548764
0.024050,4.549215
0.024060,4.549666
0.024070,4.550116
0.024080,4.550566
0.024090,4.551016
0.024100,4.551465
0.024110,4.551913
0.024120,4.552361
0.024130,4.552809
0.024140,4.553256
0.024150,4.553703
0.024160,4.554149
0.024170,4.554595
0.024180,4.555040
0.024190,4.555485
0.024200,4.555930
0.024210,4.556374
0.024220,4.556818
0.024230,4.557261
0.024240,4.557704
0.024250,4.558146
0.024260,4.558588
0.024270,4.559029
0.024280,4.559470
0.024290,4.559911
0.024300,4.560351
0.024310,4.560790
0.024320,4.561230
0.024330,4.561668
0.024340,4.562107
0.024350,4.562545
0.024360,4.562982
0.024370,4.563419
0.024380,4.563856
0.024390,4.564292
0.024400,4.564727
0.024410,4.565163
0.024420,4.565598
0.024430,4.566032
0.024440,4.566466
0.024450,4.566899
0.024460,4.567333
0.024470,4.567765
0.024480,4.568197
0.024490,4.568629
0.024500,4.569061
0.024510,4.569492
0.024520,4.569922
0.024530,4.570352
0.024540,4.570782
0.024550,4.571211
0.024560,4.571640
0.024570,4.572068
0.024580,4.572496
0.024590,4.572924
0.024600,4.573351
0.024610,4.573777
0.024620,4.574204
0.024630,4.574629
0.024640,4.575055
0.024650,4.575480
0.024660,4.575904
0.024670,4.576328
0.024680,4.576752
0.024690,4.577175
0.024700,4.577598
0.024710,4.578020
0.024720,4.578442
0.024730,4.578864
0.024740,4.579285
0.024750,4.579706
0.024760,4.580126
0.024770,4.580546
0.024780,4.580965
0.024790,4.581384
0.024800,4.581803
0.024810,4.582221
0.024820,4.582639
0.024830,4.583056
0.024840,4.583473
0.024850,4.583890
0.024860,4.584306
0.024870,4.584722
0.024880,4.585137
0.024890,4.585552
0.024900,4.585966
0.024910,4.586380
0.024920,4.586794
0.024930,4.587207
0.024940,4.587620
0.024950,4.588032
0.024960,4.588444
0.024970,4.588856
0.024980,4.589267
0.024990,4.589678
0.025000,4.590088
0.025010,4.590498
0.025020,4.590907
0.025030,4.591317
0.025040,4.591725
0.025050,4.592134
0.025060,4.592541
0.025070,4.592949
0.025080,4.593356
0.025090,4.593763
0.025100,4.594169
0.025110,4.594575
0.025120,4.594980
0.025130,4.595385
0.025140,4.595790
0.025150,4.596194
0.025160,4.596598
0.025170,4.597001
0.025180,4.597404
0.025190,4.597807
0.025200,4.598209
0.025210,4.598611
0.025220,4.599012
0.025230,4.599413
0.025240,4.599814
0.025250,4.600214
0.025260,4.600614
0.025270,4.601013
0.025280,4.601412
0.025290,4.601811
0.025300,4.602209
0.025310,4.602607
0.025320,4.603004
0.025330,4.603401
0.025340,4.603798
0.025350,4.604194
0.025360,4.604590
0.025370,4.604985
0.025380,4.605380
0.025390,4.605775
0.025400,4.606169
0.025410,4.606563
0.025420,4.606956
0.025430,4.607349
0.025440,4.607742
0.025450,4.608134
0.025460,4.608526
0.025470,4.608917
0.025480,4.609308
0.025490,4.609699
0.025500,4.610089
0.025510,4.610479
0.025520,4.610869
0.025530,4.611258
0.025540,4.611647
0.025550,4.612035
0.025560,4.612423
0.025570,4.612811
0.025580,4.613198
0.025590,4.613585
0.025600,4.613971
0.025610,4.614357
0.025620,4.614743
0.025630,4.615128
0.025640,4.615513
0.025650,4.615897
0.025660,4.616281
0.025670,4.616665
0.025680,4.617049
0.025690,4.617431
0.025700,4.617814
0.025710,4.618196
0.025720,4.618578
0.025730,4.618959
0.025740,4.619340
0.025750,4.619721
0.025760,4.620101
0.025770,4.620481
0.025780,4.620861
0.025790,4.621240
0.025800,4.621619
0.025810,4.621997
0.025820,4.622375
0.025830,4.622753
0.025840,4.623130
0.025850,4.623507
0.025860,4.623883
0.025870,4.624259
0.025880,4.624635
0.025890,4.625011
0.025900,4.625386
0.025910,4.625760
0.025920,4.626134
0.025930,4.626508
0.025940,4.626882
0.025950,4.627255
0.025960,4.627628
0.025970,4.628000
0.025980,4.628372
0.025990,4.628744
0.026000,4.629115
0.026010,4.629486
0.026020,4.629856
0.026030,4.630226
0.026040,4.630596
0.026050,4.630966
0.026060,4.631335
0.026070,4.631703
0.026080,4.632072
0.026090,4.632440
0.026100,4.632807
0.026110,4.633174
0.026120,4.633541
0.026130,4.633908
0.026140,4.634274
0.026150,4.634639
0.026160,4.635005
0.026170,4.635370
0.026180,4.635734
0.026190,4.636099
0.026200,4.636463
0.026210,4.636826
0.026220,4.637189
0.026230,4.637552
0.026240,4.637915
0.026250,4.638277
0.026260,4.638638
0.026270,4.639000
0.026280,4.639361
0.026290,4.639721
0.026300,4.640082
0.026310,4.640442
0.026320,4.640801
0.026330,4.641160
0.026340,4.641519
0.026350,4.641878
0.026360,4.642236
0.026370,4.642593
0.026380,4.642951
0.026390,4.643308
0.026400,4.643665
0.026410,4.644021
0.026420,4.644377
0.026430,4.644733
0.026440,4.645088
0.026450,4.645443
0.026460,4.645797
0.026470,4.646152
0.026480,4.646505
0.026490,4.646859
0.026500,4.647212
0.026510,4.647565
0.026520,4.647917
0.026530,4.648269
0.026540,4.648621
0.026550,4.648972
0.026560,4.649323
0.026570,4.649674
0.026580,4.650024
0.026590,4.650374
0.026600,4.650724
0.026610,4.651073
0.026620,4.651422
0.026630,4.651771
0.026640,4.652119
0.026650,4.652467
0.026660,4.652814
0.026670,4.653162
0.026680,4.653508
0.026690,4.653855
0.026700,4.654201
0.026710,4.654547
0.026720,4.654892
0.026730,4.655237
0.026740,4.655582
0.026750,4.655927
0.026760,4.656271
0.026770,4.656614
0.026780,4.656958
0.026790,4.657301
0.026800,4.657644
0.026810,4.657986
0.026820,4.658328
0.026830,4.658670
0.026840,4.659011
0.026850,4.659352
0.026860,4.659693
0.026870,4.660033
0.026880,4.660373
0.026890,4.660713
0.026900,4.661052
0.026910,4.661391
0.026920,4.661729
0.026930,4.662068
0.026940,4.662406
0.026950,4.662743
0.026960,4.663080
0.026970,4.663417
0.026980,4.663754
0.026990,4.664090
0.027000,4.664426
0.027010,4.664762
0.027020,4.665097
0.027030,4.665432
0.027040,4.665766
0.027050,4.666101
0.027060,4.666434
0.027070,4.666768
0.027080,4.667101
0.027090,4.667434
0.027100,4.667767
0.027110,4.668099
0.027120,4.668431
0.027130,4.668762
0.027140,4.669094
0.027150,4.669425
0.027160,4.669755
0.027170,4.670085
0.027180,4.670415
0.027190,4.670745
0.027200,4.671074
0.027210,4.671403
0.027220,4.671732
0.027230,4.672060
0.027240,4.672388
0.027250,4.672716
0.027260,4.673043
0.027270,4.673370
0.027280,4.673696
0.027290,4.674023
0.027300,4.674349
0.027310,4.674674
0.027320,4.675000
0.027330,4.675325
0.027340,4.675649
0.027350,4.675974
0.027360,4.676298
0.027370,4.676621
0.027380,4.676945
0.027390,4.677268
0.027400,4.677591
0.027410,4.677913
0.027420,4.678235
0.027430,4.678557
0.027440,4.678878
0.027450,4.679199
0.027460,4.679520
0.027470,4.679841
0.027480,4.680161
0.027490,4.680481
0.027500,4.680800
0.027510,4.681119
0.027520,4.681438
0.027530,4.681757
0.027540,4.682075
0.027550,4.682393
0.027560,4.682711
0.027570,4.683028
0.027580,4.683345
0.027590,4.683662
0.027600,4.683978
0.027610,4.684294
0.027620,4.684610
0.027630,4.684925
0.027640,4.685240
0.027650,4.685555
0.027660,4.685869
0.027670,4.686183
0.027680,4.686497
0.027690,4.686811
0.027700,4.687124
0.027710,4.687437
0.027720,4.687749
0.027730,4.688062
0.027740,4.688374
0.027750,4.688685
0.027760,4.688996
0.027770,4.689307
0.027780,4.689618
0.027790,4.689929
0.027800,4.690239
0.027810,4.690548
0.027820,4.690858
0.027830,4.691167
0.027840,4.691476
0.027850,4.691784
0.027860,4.692093
0.027870,4.692400
0.027880,4.692708
0.027890,4.693015
0.027900,4.693322
0.027910,4.693629
0.027920,4.693935
0.027930,4.694241
0.027940,4.694547
0.027950,4.694853
0.027960,4.695158
0.027970,4.695463
0.027980,4.695767
0.027990,4.696071
0.028000,4.696375
0.028010,4.696679
0.028020,4.696982
0.028030,4.697285
0.028040,4.697588
0.028050,4.697890
0.028060,4.698193
0.028070,4.698494
0.028080,4.698796
0.028090,4.699097
0.028100,4.699398
0.028110,4.699699
0.028120,4.699999
0.028130,4.700299
0.028140,4.700599
0.028150,4.700898
0.028160,4.701197
0.028170,4.701496
0.028180,4.701794
0.028190,4.702093
0.028200,4.702390
0.028210,4.702688
0.028220,4.702985
0.028230,4.703282
0.028240,4.703579
0.028250,4.703876
0.028260,4.704172
0.028270,4.704468
0.028280,4.704763
0.028290,4.705058
0.028300,4.705353
0.028310,4.705648
0.028320,4.705942
0.028330,4.706236
0.028340,4.706530
0.028350,4.706824
0.028360,4.707117
0.028370,4.707410
0.028380,4.707702
0.028390,4.707994
0.028400,4.708286
0.028410,4.708578
0.028420,4.708870
0.028430,4.709161
0.028440,4.709452
0.028450,4.709742
0.028460,4.710032
0.028470,4.710322
0.028480,4.710612
0.028490,4.710901
0.028500,4.711191
0.028510,4.711479
0.028520,4.711768
0.028530,4.712056
0.028540,4.712344
0.028550,4.712632
0.028560,4.712919
0.028570,4.713206
0.028580,4.713493
0.028590,4.713779
0.028600,4.714066
0.028610,4.714352
0.028620,4.714637
0.028630,4.714923
0.028640,4.715208
0.028650,4.715492
0.028660,4.715777
0.028670,4.716061
0.028680,4.716345
0.028690,4.716629
0.028700,4.716912
0.028710,4.717195
0.028720,4.717478
0.028730,4.717761
0.028740,4.718043
0.028750,4.718325
0.028760,4.718606
0.028770,4.718888
0.028780,4.719169
0.028790,4.719450
0.028800,4.719730
0.028810,4.720011
0.028820,4.720291
0.028830,4.720570
0.028840,4.720850
0.028850,4.721129
0.028860,4.721408
0.028870,4.721686
0.028880,4.721965
0.028890,4.722243
0.028900,4.722520
0.028910,4.722798
0.028920,4.723075
0.028930,4.723352
0.028940,4.723629
0.028950,4.723905
0.028960,4.724181
0.028970,4.724457
0.028980,4.724733
0.028990,4.725008
0.029000,4.725283
0.029010,4.725558
0.029020,4.725832
0.029030,4.726106
0.029040,4.726380
0.029050,4.726654
0.029060,4.726927
0.029070,4.727200
0.029080,4.727473
0.029090,4.727745
0.029100,4.728018
0.029110,4.728290
0.029120,4.728561
0.029130,4.728833
0.029140,4.729104
0.029150,4.729375
0.029160,4.729645
0.029170,4.729916
0.029180,4.730186
0.029190,4.730456
0.029200,4.730725
0.029210,4.730995
0.029220,4.731264
0.029230,4.731532
0.029240,4.731801
0.029250,4.732069
0.029260,4.732337
0.029270,4.732605
0.029280,4.732872
0.029290,4.733139
0.029300,4.733406
0.029310,4.733673
0.029320,4.733939
0.029330,4.734205
0.029340,4.734471
0.029350,4.734736
0.029360,4.735001
0.029370,4.735266
0.029380,4.735531
0.029390,4.735796
0.029400,4.736060
0.029410,4.736324
0.029420,4.736588
0.029430,4.736851
0.029440,4.737114
0.029450,4.737377
0.029460,4.737640
0.029470,4.737902
0.029480,4.738164
0.029490,4.738426
0.029500,4.738687
0.029510,4.738949
0.029520,4.739210
0.029530,4.739471
0.029540,4.739731
0.029550,4.739991
0.029560,4.740251
0.029570,4.740511
0.029580,4.740771
0.029590,4.741030
0.029600,4.741289
0.029610,4.741548
0.029620,4.741806
0.029630,4.742064
0.029640,4.742322
0.029650,4.742580
0.029660,4.742837
0.029670,4.743094
0.029680,4.743351
0.029690,4.743608
0.029700,4.743864
0.029710,4.744120
0.029720,4.744376
0.029730,4.744632
0.029740,4.744887
0.029750,4.745142
0.029760,4.745397
0.029770,4.745652
0.029780,4.745906
0.029790,4.746160
0.029800,4.746414
0.029810,4.746668
0.029820,4.746921
0.029830,4.747174
0.029840,4.747427
0.029850,4.747680
0.029860,4.747932
0.029870,4.748184
0.029880,4.748436
0.029890,4.748687
0.029900,4.748939
0.029910,4.749190
0.029920,4.749441
0.029930,4.749691
0.029940,4.749941
0.029950,4.750191
