t,y
0.000000,0.000000
0.001000,0.000000
0.002000,0.000000
0.003000,0.000000
0.004000,0.000000
0.005000,0.000000
0.006000,0.000000
0.007000,0.000000
0.008000,0.000000
0.009000,0.000000
0.010000,0.000000
0.011000,0.000000
0.012000,0.000000
0.013000,0.000000
0.014000,0.000000
0.015000,0.000000
0.016000,0.000000
0.017000,0.000000
0.018000,0.000000
0.019000,0.000001
0.020000,0.000001
0.021000,0.000001
0.022000,0.000001
0.023000,0.000001
0.024000,0.000001
0.025000,0.000001
0.026000,0.000001
0.027000,0.000002
0.028000,0.000002
0.029000,0.000002
0.030000,0.000002
0.031000,0.000002
0.032000,0.000003
0.033000,0.000003
0.034000,0.000003
0.035000,0.000004
0.036000,0.000004
0.037000,0.000004
0.038000,0.000005
0.039000,0.000005
0.040000,0.000005
0.041000,0.000006
0.042000,0.000006
0.043000,0.000007
0.044000,0.000007
0.045000,0.000008
0.046000,0.000008
0.047000,0.000009
0.048000,0.000009
0.049000,0.000010
0.050000,0.000010
0.051000,0.000011
0.052000,0.000012
0.053000,0.000012
0.054000,0.000013
0.055000,0.000014
0.056000,0.000015
0.057000,0.000015
0.058000,0.000016
0.059000,0.000017
0.060000,0.000018
0.061000,0.000019
0.062000,0.000020
0.063000,0.000021
0.064000,0.000022
0.065000,0.000023
0.066000,0.000024
0.067000,0.000025
0.068000,0.000026
0.069000,0.000027
0.070000,0.000029
0.071000,0.000030
0.072000,0.000031
0.073000,0.000032
0.074000,0.000034
0.075000,0.000035
0.076000,0.000037
0.077000,0.000038
0.078000,0.000040
0.079000,0.000041
0.080000,0.000043
0.081000,0.000044
0.082000,0.000046
0.083000,0.000048
0.084000,0.000049
0.085000,0.000051
0.086000,0.000053
0.087000,0.000055
0.088000,0.000057
0.089000,0.000059
0.090000,0.000061
0.091000,0.000063
0.092000,0.000065
0.093000,0.000067
0.094000,0.000069
0.095000,0.000071
0.096000,0.000074
0.097000,0.000076
0.098000,0.000078
0.099000,0.000081
0.100000,0.000083
0.101000,0.000086
0.102000,0.000088
0.103000,0.000091
0.104000,0.000094
0.105000,0.000096
0.106000,0.000099
0.107000,0.000102
0.108000,0.000105
0.109000,0.000108
0.110000,0.000111
0.111000,0.000114
0.112000,0.000117
0.113000,0.000120
0.114000,0.000123
0.115000,0.000127
0.116000,0.000130
0.117000,0.000133
0.118000,0.000137
0.119000,0.000140
0.120000,0.000144
0.121000,0.000148
0.122000,0.000151
0.123000,0.000155
0.124000,0.000159
0.125000,0.000163
0.126000,0.000167
0.127000,0.000171
0.128000,0.000175
0.129000,0.000179
0.130000,0.000183
0.131000,0.000187
0.132000,0.000192
0.133000,0.000196
0.134000,0.000200
0.135000,0.000205
0.136000,0.000210
0.137000,0.000214
0.138000,0.000219
0.139000,0.000224
0.140000,0.000229
0.141000,0.000234
0.142000,0.000239
0.143000,0.000244
0.144000,0.000249
0.145000,0.000254
0.146000,0.000259
0.147000,0.000265
0.148000,0.000270
0.149000,0.000276
0.150000,0.000281
0.151000,0.000287
0.152000,0.000293
0.153000,0.000298
0.154000,0.000304
0.155000,0.000310
0.156000,0.000316
0.157000,0.000322
0.158000,0.000329
0.159000,0.000335
0.160000,0.000341
0.161000,0.000348
0.162000,0.000354
0.163000,0.000361
0.164000,0.000368
0.165000,0.000374
0.166000,0.000381
0.167000,0.000388
0.168000,0.000395
0.169000,0.000402
0.170000,0.000409
0.171000,0.000417
0.172000,0.000424
0.173000,0.000431
0.174000,0.000439
0.175000,0.000447
0.176000,0.000454
0.177000,0.000462
0.178000,0.000470
0.179000,0.000478
0.180000,0.000486
0.181000,0.000494
0.182000,0.000502
0.183000,0.000511
0.184000,0.000519
0.185000,0.000528
0.186000,0.000536
0.187000,0.000545
0.188000,0.000554
0.189000,0.000563
0.190000,0.000572
0.191000,0.000581
0.192000,0.000590
0.193000,0.000599
0.194000,0.000608
0.195000,0.000618
0.196000,0.000627
0.197000,0.000637
0.198000,0.000647
0.199000,0.000657
0.200000,0.000667
0.201000,0.000677
0.202000,0.000687
0.203000,0.000697
0.204000,0.000707
0.205000,0.000718
0.206000,0.000728
0.207000,0.000739
0.208000,0.000750
0.209000,0.000761
0.210000,0.000772
0.211000,0.000783
0.212000,0.000794
0.213000,0.000805
0.214000,0.000817
0.215000,0.000828
0.216000,0.000840
0.217000,0.000852
0.218000,0.000863
0.219000,0.000875
0.220000,0.000887
0.221000,0.000899
0.222000,0.000912
0.223000,0.000924
0.224000,0.000937
0.225000,0.000949
0.226000,0.000962
0.227000,0.000975
0.228000,0.000988
0.229000,0.001001
0.230000,0.001014
0.231000,0.001027
0.232000,0.001041
0.233000,0.001054
0.234000,0.001068
0.235000,0.001081
0.236000,0.001095
0.237000,0.001109
0.238000,0.001123
0.239000,0.001138
0.240000,0.001152
0.241000,0.001166
0.242000,0.001181
0.243000,0.001196
0.244000,0.001211
0.245000,0.001225
0.246000,0.001241
0.247000,0.001256
0.248000,0.001271
0.249000,0.001287
0.250000,0.001302
0.251000,0.001318
0.252000,0.001334
0.253000,0.001350
0.254000,0.001366
0.255000,0.001382
0.256000,0.001398
0.257000,0.001415
0.258000,0.001431
0.259000,0.001448
0.260000,0.001465
0.261000,0.001482
0.262000,0.001499
0.263000,0.001516
0.264000,0.001533
0.265000,0.001551
0.266000,0.001568
0.267000,0.001586
0.268000,0.001604
0.269000,0.001622
0.270000,0.001640
0.271000,0.001659
0.272000,0.001677
0.273000,0.001696
0.274000,0.001714
0.275000,0.001733
0.276000,0.001752
0.277000,0.001771
0.278000,0.001790
0.279000,0.001810
0.280000,0.001829
0.281000,0.001849
0.282000,0.001869
0.283000,0.001889
0.284000,0.001909
0.285000,0.001929
0.286000,0.001949
0.287000,0.001970
0.288000,0.001991
0.289000,0.002011
0.290000,0.002032
0.291000,0.002053
0.292000,0.002075
0.293000,0.002096
0.294000,0.002118
0.295000,0.002139
0.296000,0.002161
0.297000,0.002183
0.298000,0.002205
0.299000,0.002228
0.300000,0.002250
0.301000,0.002273
0.302000,0.002295
0.303000,0.002318
0.304000,0.002341
0.305000,0.002364
0.306000,0.002388
0.307000,0.002411
0.308000,0.002435
0.309000,0.002459
0.310000,0.002483
0.311000,0.002507
0.312000,0.002531
0.313000,0.002555
0.314000,0.002580
0.315000,0.002605
0.316000,0.002630
0.317000,0.002655
0.318000,0.002680
0.319000,0.002705
0.320000,0.002731
0.321000,0.002756
0.322000,0.002782
0.323000,0.002808
0.324000,0.002834
0.325000,0.002861
0.326000,0.002887
0.327000,0.002914
0.328000,0.002941
0.329000,0.002968
0.330000,0.002995
0.331000,0.003022
0.332000,0.003050
0.333000,0.003077
0.334000,0.003105
0.335000,0.003133
0.336000,0.003161
0.337000,0.003189
0.338000,0.003218
0.339000,0.003246
0.340000,0.003275
0.341000,0.003304
0.342000,0.003333
0.343000,0.003363
0.344000,0.003392
0.345000,0.003422
0.346000,0.003452
0.347000,0.003482
0.348000,0.003512
0.349000,0.003542
0.350000,0.003573
0.351000,0.003604
0.352000,0.003634
0.353000,0.003666
0.354000,0.003697
0.355000,0.003728
0.356000,0.003760
0.357000,0.003792
0.358000,0.003824
0.359000,0.003856
0.360000,0.003888
0.361000,0.003920
0.362000,0.003953
0.363000,0.003986
0.364000,0.004019
0.365000,0.004052
0.366000,0.004086
0.367000,0.004119
0.368000,0.004153
0.369000,0.004187
0.370000,0.004221
0.371000,0.004255
0.372000,0.004290
0.373000,0.004325
0.374000,0.004359
0.375000,0.004395
0.376000,0.004430
0.377000,0.004465
0.378000,0.004501
0.379000,0.004537
0.380000,0.004573
0.381000,0.004609
0.382000,0.004645
0.383000,0.004682
0.384000,0.004719
0.385000,0.004756
0.386000,0.004793
0.387000,0.004830
0.388000,0.004868
0.389000,0.004905
0.390000,0.004943
0.391000,0.004981
0.392000,0.005020
0.393000,0.005058
0.394000,0.005097
0.395000,0.005136
0.396000,0.005175
0.397000,0.005214
0.398000,0.005254
0.399000,0.005293
0.400000,0.005333
0.401000,0.005373
0.402000,0.005414
0.403000,0.005454
0.404000,0.005495
0.405000,0.005536
0.406000,0.005577
0.407000,0.005618
0.408000,0.005660
0.409000,0.005701
0.410000,0.005743
0.411000,0.005786
0.412000,0.005828
0.413000,0.005870
0.414000,0.005913
0.415000,0.005956
0.416000,0.005999
0.417000,0.006043
0.418000,0.006086
0.419000,0.006130
0.420000,0.006174
0.421000,0.006218
0.422000,0.006263
0.423000,0.006307
0.424000,0.006352
0.425000,0.006397
0.426000,0.006442
0.427000,0.006488
0.428000,0.006534
0.429000,0.006579
0.430000,0.006626
0.431000,0.006672
0.432000,0.006718
0.433000,0.006765
0.434000,0.006812
0.435000,0.006859
0.436000,0.006907
0.437000,0.006954
0.438000,0.007002
0.439000,0.007050
0.440000,0.007099
0.441000,0.007147
0.442000,0.007196
0.443000,0.007245
0.444000,0.007294
0.445000,0.007343
0.446000,0.007393
0.447000,0.007443
0.448000,0.007493
0.449000,0.007543
0.450000,0.007594
0.451000,0.007644
0.452000,0.007695
0.453000,0.007747
0.454000,0.007798
0.455000,0.007850
0.456000,0.007902
0.457000,0.007954
0.458000,0.008006
0.459000,0.008059
0.460000,0.008111
0.461000,0.008164
0.462000,0.008218
0.463000,0.008271
0.464000,0.008325
0.465000,0.008379
0.466000,0.008433
0.467000,0.008487
0.468000,0.008542
0.469000,0.008597
0.470000,0.008652
0.471000,0.008707
0.472000,0.008763
0.473000,0.008819
0.474000,0.008875
0.475000,0.008931
0.476000,0.008987
0.477000,0.009044
0.478000,0.009101
0.479000,0.009158
0.480000,0.009216
0.481000,0.009274
0.482000,0.009332
0.483000,0.009390
0.484000,0.009448
0.485000,0.009507
0.486000,0.009566
0.487000,0.009625
0.488000,0.009684
0.489000,0.009744
0.490000,0.009804
0.491000,0.009864
0.492000,0.009925
0.493000,0.009985
0.494000,0.010046
0.495000,0.010107
0.496000,0.010169
0.497000,0.010230
0.498000,0.010292
0.499000,0.010354
0.500000,0.010417
0.501000,0.010479
0.502000,0.010542
0.503000,0.010605
0.504000,0.010669
0.505000,0.010732
0.506000,0.010796
0.507000,0.010860
0.508000,0.010925
0.509000,0.010989
0.510000,0.011054
0.511000,0.011119
0.512000,0.011185
0.513000,0.011250
0.514000,0.011316
0.515000,0.011383
0.516000,0.011449
0.517000,0.011516
0.518000,0.011583
0.519000,0.011650
0.520000,0.011717
0.521000,0.011785
0.522000,0.011853
0.523000,0.011921
0.524000,0.011990
0.525000,0.012059
0.526000,0.012128
0.527000,0.012197
0.528000,0.012266
0.529000,0.012336
0.530000,0.012406
0.531000,0.012477
0.532000,0.012547
0.533000,0.012618
0.534000,0.012689
0.535000,0.012761
0.536000,0.012833
0.537000,0.012904
0.538000,0.012977
0.539000,0.013049
0.540000,0.013122
0.541000,0.013195
0.542000,0.013268
0.543000,0.013342
0.544000,0.013416
0.545000,0.013490
0.546000,0.013564
0.547000,0.013639
0.548000,0.013714
0.549000,0.013789
0.550000,0.013865
0.551000,0.013940
0.552000,0.014016
0.553000,0.014093
0.554000,0.014169
0.555000,0.014246
0.556000,0.014323
0.557000,0.014401
0.558000,0.014478
0.559000,0.014556
0.560000,0.014635
0.561000,0.014713
0.562000,0.014792
0.563000,0.014871
0.564000,0.014950
0.565000,0.015030
0.566000,0.015110
0.567000,0.015190
0.568000,0.015271
0.569000,0.015352
0.570000,0.015433
0.571000,0.015514
0.572000,0.015596
0.573000,0.015678
0.574000,0.015760
0.575000,0.015842
0.576000,0.015925
0.577000,0.016008
0.578000,0.016092
0.579000,0.016175
0.580000,0.016259
0.581000,0.016344
0.582000,0.016428
0.583000,0.016513
0.584000,0.016598
0.585000,0.016683
0.586000,0.016769
0.587000,0.016855
0.588000,0.016941
0.589000,0.017028
0.590000,0.017115
0.591000,0.017202
0.592000,0.017290
0.593000,0.017377
0.594000,0.017465
0.595000,0.017554
0.596000,0.017642
0.597000,0.017731
0.598000,0.017821
0.599000,0.017910
0.600000,0.018000
0.601000,0.018090
0.602000,0.018181
0.603000,0.018271
0.604000,0.018362
0.605000,0.018454
0.606000,0.018545
0.607000,0.018637
0.608000,0.018730
0.609000,0.018822
0.610000,0.018915
0.611000,0.019008
0.612000,0.019102
0.613000,0.019195
0.614000,0.019290
0.615000,0.019384
0.616000,0.019479
0.617000,0.019574
0.618000,0.019669
0.619000,0.019765
0.620000,0.019861
0.621000,0.019957
0.622000,0.020053
0.623000,0.020150
0.624000,0.020248
0.625000,0.020345
0.626000,0.020443
0.627000,0.020541
0.628000,0.020639
0.629000,0.020738
0.630000,0.020837
0.631000,0.020937
0.632000,0.021036
0.633000,0.021136
0.634000,0.021237
0.635000,0.021337
0.636000,0.021438
0.637000,0.021540
0.638000,0.021641
0.639000,0.021743
0.640000,0.021845
0.641000,0.021948
0.642000,0.022051
0.643000,0.022154
0.644000,0.022257
0.645000,0.022361
0.646000,0.022465
0.647000,0.022570
0.648000,0.022675
0.649000,0.022780
0.650000,0.022885
0.651000,0.022991
0.652000,0.023097
0.653000,0.023204
0.654000,0.023310
0.655000,0.023418
0.656000,0.023525
0.657000,0.023633
0.658000,0.023741
0.659000,0.023849
0.660000,0.023958
0.661000,0.024067
0.662000,0.024176
0.663000,0.024286
0.664000,0.024396
0.665000,0.024507
0.666000,0.024617
0.667000,0.024728
0.668000,0.024840
0.669000,0.024951
0.670000,0.025064
0.671000,0.025176
0.672000,0.025289
0.673000,0.025402
0.674000,0.025515
0.675000,0.025629
0.676000,0.025743
0.677000,0.025857
0.678000,0.025972
0.679000,0.026087
0.680000,0.026203
0.681000,0.026318
0.682000,0.026434
0.683000,0.026551
0.684000,0.026668
0.685000,0.026785
0.686000,0.026902
0.687000,0.027020
0.688000,0.027138
0.689000,0.027257
0.690000,0.027376
0.691000,0.027495
0.692000,0.027614
0.693000,0.027734
0.694000,0.027855
0.695000,0.027975
0.696000,0.028096
0.697000,0.028217
0.698000,0.028339
0.699000,0.028461
0.700000,0.028583
0.701000,0.028706
0.702000,0.028829
0.703000,0.028952
0.704000,0.029076
0.705000,0.029200
0.706000,0.029325
0.707000,0.029449
0.708000,0.029575
0.709000,0.029700
0.710000,0.029826
0.711000,0.029952
0.712000,0.030079
0.713000,0.030206
0.714000,0.030333
0.715000,0.030460
0.716000,0.030588
0.717000,0.030717
0.718000,0.030845
0.719000,0.030975
0.720000,0.031104
0.721000,0.031234
0.722000,0.031364
0.723000,0.031494
0.724000,0.031625
0.725000,0.031756
0.726000,0.031888
0.727000,0.032020
0.728000,0.032152
0.729000,0.032285
0.730000,0.032418
0.731000,0.032551
0.732000,0.032685
0.733000,0.032819
0.734000,0.032954
0.735000,0.033089
0.736000,0.033224
0.737000,0.033360
0.738000,0.033496
0.739000,0.033632
0.740000,0.033769
0.741000,0.033906
0.742000,0.034043
0.743000,0.034181
0.744000,0.034319
0.745000,0.034458
0.746000,0.034597
0.747000,0.034736
0.748000,0.034876
0.749000,0.035016
0.750000,0.035156
0.751000,0.035297
0.752000,0.035438
0.753000,0.035580
0.754000,0.035722
0.755000,0.035864
0.756000,0.036007
0.757000,0.036150
0.758000,0.036293
0.759000,0.036437
0.760000,0.036581
0.761000,0.036726
0.762000,0.036871
0.763000,0.037016
0.764000,0.037162
0.765000,0.037308
0.766000,0.037455
0.767000,0.037601
0.768000,0.037749
0.769000,0.037896
0.770000,0.038044
0.771000,0.038193
0.772000,0.038342
0.773000,0.038491
0.774000,0.038640
0.775000,0.038790
0.776000,0.038941
0.777000,0.039091
0.778000,0.039243
0.779000,0.039394
0.780000,0.039546
0.781000,0.039698
0.782000,0.039851
0.783000,0.040004
0.784000,0.040157
0.785000,0.040311
0.786000,0.040466
0.787000,0.040620
0.788000,0.040775
0.789000,0.040931
0.790000,0.041087
0.791000,0.041243
0.792000,0.041399
0.793000,0.041556
0.794000,0.041714
0.795000,0.041872
0.796000,0.042030
0.797000,0.042188
0.798000,0.042347
0.799000,0.042507
0.800000,0.042667
0.801000,0.042827
0.802000,0.042987
0.803000,0.043148
0.804000,0.043310
0.805000,0.043472
0.806000,0.043634
0.807000,0.043796
0.808000,0.043959
0.809000,0.044123
0.810000,0.044287
0.811000,0.044451
0.812000,0.044616
0.813000,0.044781
0.814000,0.044946
0.815000,0.045112
0.816000,0.045278
0.817000,0.045445
0.818000,0.045612
0.819000,0.045779
0.820000,0.045947
0.821000,0.046116
0.822000,0.046284
0.823000,0.046453
0.824000,0.046623
0.825000,0.046793
0.826000,0.046963
0.827000,0.047134
0.828000,0.047305
0.829000,0.047477
0.830000,0.047649
0.831000,0.047821
0.832000,0.047994
0.833000,0.048167
0.834000,0.048341
0.835000,0.048515
0.836000,0.048690
0.837000,0.048865
0.838000,0.049040
0.839000,0.049216
0.840000,0.049392
0.841000,0.049569
0.842000,0.049746
0.843000,0.049923
0.844000,0.050101
0.845000,0.050279
0.846000,0.050458
0.847000,0.050637
0.848000,0.050817
0.849000,0.050997
0.850000,0.051177
0.851000,0.051358
0.852000,0.051539
0.853000,0.051721
0.854000,0.051903
0.855000,0.052085
0.856000,0.052268
0.857000,0.052452
0.858000,0.052636
0.859000,0.052820
0.860000,0.053005
0.861000,0.053190
0.862000,0.053375
0.863000,0.053561
0.864000,0.053748
0.865000,0.053934
0.866000,0.054122
0.867000,0.054309
0.868000,0.054498
0.869000,0.054686
0.870000,0.054875
0.871000,0.055065
0.872000,0.055254
0.873000,0.055445
0.874000,0.055636
0.875000,0.055827
0.876000,0.056018
0.877000,0.056210
0.878000,0.056403
0.879000,0.056596
0.880000,0.056789
0.881000,0.056983
0.882000,0.057177
0.883000,0.057372
0.884000,0.057567
0.885000,0.057763
0.886000,0.057959
0.887000,0.058155
0.888000,0.058352
0.889000,0.058550
0.890000,0.058747
0.891000,0.058946
0.892000,0.059144
0.893000,0.059343
0.894000,0.059543
0.895000,0.059743
0.896000,0.059944
0.897000,0.060144
0.898000,0.060346
0.899000,0.060548
0.900000,0.060750
0.901000,0.060953
0.902000,0.061156
0.903000,0.061359
0.904000,0.061564
0.905000,0.061768
0.906000,0.061973
0.907000,0.062178
0.908000,0.062384
0.909000,0.062591
0.910000,0.062798
0.911000,0.063005
0.912000,0.063212
0.913000,0.063421
0.914000,0.063629
0.915000,0.063838
0.916000,0.064048
0.917000,0.064258
0.918000,0.064468
0.919000,0.064679
0.920000,0.064891
0.921000,0.065102
0.922000,0.065315
0.923000,0.065527
0.924000,0.065741
0.925000,0.065954
0.926000,0.066168
0.927000,0.066383
0.928000,0.066598
0.929000,0.066814
0.930000,0.067030
0.931000,0.067246
0.932000,0.067463
0.933000,0.067680
0.934000,0.067898
0.935000,0.068117
0.936000,0.068335
0.937000,0.068555
0.938000,0.068774
0.939000,0.068995
0.940000,0.069215
0.941000,0.069436
0.942000,0.069658
0.943000,0.069880
0.944000,0.070103
0.945000,0.070326
0.946000,0.070549
0.947000,0.070773
0.948000,0.070998
0.949000,0.071222
0.950000,0.071448
0.951000,0.071674
0.952000,0.071900
0.953000,0.072127
0.954000,0.072354
0.955000,0.072582
0.956000,0.072810
0.957000,0.073039
0.958000,0.073268
0.959000,0.073498
0.960000,0.073728
0.961000,0.073959
0.962000,0.074190
0.963000,0.074421
0.964000,0.074653
0.965000,0.074886
0.966000,0.075119
0.967000,0.075353
0.968000,0.075587
0.969000,0.075821
0.970000,0.076056
0.971000,0.076291
0.972000,0.076527
0.973000,0.076764
0.974000,0.077001
0.975000,0.077238
0.976000,0.077476
0.977000,0.077714
0.978000,0.077953
0.979000,0.078193
0.980000,0.078433
0.981000,0.078673
0.982000,0.078914
0.983000,0.079155
0.984000,0.079397
0.985000,0.079639
0.986000,0.079882
0.987000,0.080125
0.988000,0.080369
0.989000,0.080613
0.990000,0.080858
0.991000,0.081103
0.992000,0.081349
0.993000,0.081595
0.994000,0.081842
0.995000,0.082089
0.996000,0.082337
0.997000,0.082585
0.998000,0.082834
0.999000,0.083084
1.000000,0.083333
1.001000,0.083584
1.002000,0.083834
1.003000,0.084085
1.004000,0.084337
1.005000,0.084589
1.006000,0.084842
1.007000,0.085095
1.008000,0.085349
1.009000,0.085603
1.010000,0.085858
1.011000,0.086113
1.012000,0.086369
1.013000,0.086625
1.014000,0.086882
1.015000,0.087139
1.016000,0.087397
1.017000,0.087655
1.018000,0.087914
1.019000,0.088173
1.020000,0.088433
1.021000,0.088693
1.022000,0.088953
1.023000,0.089214
1.024000,0.089476
1.025000,0.089738
1.026000,0.090001
1.027000,0.090264
1.028000,0.090527
1.029000,0.090791
1.030000,0.091056
1.031000,0.091321
1.032000,0.091587
1.033000,0.091853
1.034000,0.092119
1.035000,0.092386
1.036000,0.092653
1.037000,0.092921
1.038000,0.093190
1.039000,0.093459
1.040000,0.093728
1.041000,0.093998
1.042000,0.094268
1.043000,0.094539
1.044000,0.094810
1.045000,0.095082
1.046000,0.095354
1.047000,0.095627
1.048000,0.095900
1.049000,0.096174
1.050000,0.096448
1.051000,0.096722
1.052000,0.096998
1.053000,0.097273
1.054000,0.097549
1.055000,0.097826
1.056000,0.098103
1.057000,0.098380
1.058000,0.098658
1.059000,0.098936
1.060000,0.099215
1.061000,0.099495
1.062000,0.099774
1.063000,0.100055
1.064000,0.100335
1.065000,0.100617
1.066000,0.100898
1.067000,0.101180
1.068000,0.101463
1.069000,0.101746
1.070000,0.102030
1.071000,0.102314
1.072000,0.102598
1.073000,0.102883
1.074000,0.103168
1.075000,0.103454
1.076000,0.103741
1.077000,0.104027
1.078000,0.104315
1.079000,0.104602
1.080000,0.104891
1.081000,0.105179
1.082000,0.105468
1.083000,0.105758
1.084000,0.106048
1.085000,0.106338
1.086000,0.106629
1.087000,0.106921
1.088000,0.107212
1.089000,0.107505
1.090000,0.107798
1.091000,0.108091
1.092000,0.108384
1.093000,0.108678
1.094000,0.108973
1.095000,0.109268
1.096000,0.109564
1.097000,0.109859
1.098000,0.110156
1.099000,0.110453
1.100000,0.110750
1.101000,0.111048
1.102000,0.111346
1.103000,0.111644
1.104000,0.111944
1.105000,0.112243
1.106000,0.112543
1.107000,0.112843
1.108000,0.113144
1.109000,0.113446
1.110000,0.113747
1.111000,0.114050
1.112000,0.114352
1.113000,0.114655
1.114000,0.114959
1.115000,0.115263
1.116000,0.115567
1.117000,0.115872
1.118000,0.116177
1.119000,0.116483
1.120000,0.116789
1.121000,0.117096
1.122000,0.117403
1.123000,0.117710
1.124000,0.118018
1.125000,0.118327
1.126000,0.118636
1.127000,0.118945
1.128000,0.119254
1.129000,0.119565
1.130000,0.119875
1.131000,0.120186
1.132000,0.120498
1.133000,0.120809
1.134000,0.121122
1.135000,0.121434
1.136000,0.121748
1.137000,0.122061
1.138000,0.122375
1.139000,0.122690
1.140000,0.123005
1.141000,0.123320
1.142000,0.123636
1.143000,0.123952
1.144000,0.124268
1.145000,0.124585
1.146000,0.124903
1.147000,0.125221
1.148000,0.125539
1.149000,0.125858
1.150000,0.126177
1.151000,0.126497
1.152000,0.126817
1.153000,0.127137
1.154000,0.127458
1.155000,0.127779
1.156000,0.128101
1.157000,0.128423
1.158000,0.128746
1.159000,0.129069
1.160000,0.129392
1.161000,0.129716
1.162000,0.130040
1.163000,0.130365
1.164000,0.130690
1.165000,0.131015
1.166000,0.131341
1.167000,0.131667
1.168000,0.131994
1.169000,0.132321
1.170000,0.132649
1.171000,0.132977
1.172000,0.133305
1.173000,0.133634
1.174000,0.133963
1.175000,0.134293
1.176000,0.134623
1.177000,0.134953
1.178000,0.135284
1.179000,0.135616
1.180000,0.135947
1.181000,0.136279
1.182000,0.136612
1.183000,0.136945
1.184000,0.137278
1.185000,0.137612
1.186000,0.137946
1.187000,0.138281
1.188000,0.138616
1.189000,0.138951
1.190000,0.139287
1.191000,0.139623
1.192000,0.139959
1.193000,0.140296
1.194000,0.140634
1.195000,0.140972
1.196000,0.141310
1.197000,0.141648
1.198000,0.141987
1.199000,0.142327
1.200000,0.142667
1.201000,0.143007
1.202000,0.143347
1.203000,0.143688
1.204000,0.144030
1.205000,0.144372
1.206000,0.144714
1.207000,0.145056
1.208000,0.145399
1.209000,0.145743
1.210000,0.146087
1.211000,0.146431
1.212000,0.146775
1.213000,0.147120
1.214000,0.147466
1.215000,0.147811
1.216000,0.148157
1.217000,0.148504
1.218000,0.148851
1.219000,0.149198
1.220000,0.149546
1.221000,0.149894
1.222000,0.150243
1.223000,0.150591
1.224000,0.150941
1.225000,0.151290
1.226000,0.151640
1.227000,0.151991
1.228000,0.152342
1.229000,0.152693
1.230000,0.153044
1.231000,0.153396
1.232000,0.153749
1.233000,0.154101
1.234000,0.154455
1.235000,0.154808
1.236000,0.155162
1.237000,0.155516
1.238000,0.155871
1.239000,0.156226
1.240000,0.156581
1.241000,0.156937
1.242000,0.157293
1.243000,0.157650
1.244000,0.158007
1.245000,0.158364
1.246000,0.158722
1.247000,0.159080
1.248000,0.159438
1.249000,0.159797
1.250000,0.160156
1.251000,0.160516
1.252000,0.160876
1.253000,0.161236
1.254000,0.161597
1.255000,0.161958
1.256000,0.162319
1.257000,0.162681
1.258000,0.163043
1.259000,0.163406
1.260000,0.163769
1.261000,0.164132
1.262000,0.164496
1.263000,0.164860
1.264000,0.165224
1.265000,0.165589
1.266000,0.165954
1.267000,0.166319
1.268000,0.166685
1.269000,0.167051
1.270000,0.167418
1.271000,0.167785
1.272000,0.168152
1.273000,0.168520
1.274000,0.168888
1.275000,0.169256
1.276000,0.169625
1.277000,0.169994
1.278000,0.170364
1.279000,0.170734
1.280000,0.171104
1.281000,0.171475
1.282000,0.171845
1.283000,0.172217
1.284000,0.172588
1.285000,0.172960
1.286000,0.173333
1.287000,0.173706
1.288000,0.174079
1.289000,0.174452
1.290000,0.174826
1.291000,0.175200
1.292000,0.175575
1.293000,0.175949
1.294000,0.176325
1.295000,0.176700
1.296000,0.177076
1.297000,0.177452
1.298000,0.177829
1.299000,0.178206
1.300000,0.178583
1.301000,0.178961
1.302000,0.179339
1.303000,0.179717
1.304000,0.180096
1.305000,0.180475
1.306000,0.180855
1.307000,0.181234
1.308000,0.181614
1.309000,0.181995
1.310000,0.182376
1.311000,0.182757
1.312000,0.183138
1.313000,0.183520
1.314000,0.183902
1.315000,0.184285
1.316000,0.184668
1.317000,0.185051
1.318000,0.185434
1.319000,0.185818
1.320000,0.186203
1.321000,0.186587
1.322000,0.186972
1.323000,0.187357
1.324000,0.187743
1.325000,0.188129
1.326000,0.188515
1.327000,0.188902
1.328000,0.189289
1.329000,0.189676
1.330000,0.190064
1.331000,0.190451
1.332000,0.190840
1.333000,0.191228
1.334000,0.191617
1.335000,0.192007
1.336000,0.192396
1.337000,0.192786
1.338000,0.193176
1.339000,0.193567
1.340000,0.193958
1.341000,0.194349
1.342000,0.194741
1.343000,0.195133
1.344000,0.195525
1.345000,0.195918
1.346000,0.196310
1.347000,0.196704
1.348000,0.197097
1.349000,0.197491
1.350000,0.197885
1.351000,0.198280
1.352000,0.198675
1.353000,0.199070
1.354000,0.199465
1.355000,0.199861
1.356000,0.200257
1.357000,0.200654
1.358000,0.201051
1.359000,0.201448
1.360000,0.201845
1.361000,0.202243
1.362000,0.202641
1.363000,0.203040
1.364000,0.203438
1.365000,0.203837
1.366000,0.204237
1.367000,0.204636
1.368000,0.205036
1.369000,0.205437
1.370000,0.205837
1.371000,0.206238
1.372000,0.206639
1.373000,0.207041
1.374000,0.207443
1.375000,0.207845
1.376000,0.208248
1.377000,0.208650
1.378000,0.209053
1.379000,0.209457
1.380000,0.209861
1.381000,0.210265
1.382000,0.210669
1.383000,0.211074
1.384000,0.211479
1.385000,0.211884
1.386000,0.212290
1.387000,0.212695
1.388000,0.213102
1.389000,0.213508
1.390000,0.213915
1.391000,0.214322
1.392000,0.214730
1.393000,0.215137
1.394000,0.215545
1.395000,0.215954
1.396000,0.216362
1.397000,0.216771
1.398000,0.217181
1.399000,0.217590
1.400000,0.218000
1.401000,0.218410
1.402000,0.218821
1.403000,0.219231
1.404000,0.219642
1.405000,0.220054
1.406000,0.220465
1.407000,0.220877
1.408000,0.221290
1.409000,0.221702
1.410000,0.222115
1.411000,0.222528
1.412000,0.222941
1.413000,0.223355
1.414000,0.223769
1.415000,0.224183
1.416000,0.224598
1.417000,0.225013
1.418000,0.225428
1.419000,0.225844
1.420000,0.226259
1.421000,0.226675
1.422000,0.227092
1.423000,0.227508
1.424000,0.227925
1.425000,0.228342
1.426000,0.228760
1.427000,0.229178
1.428000,0.229596
1.429000,0.230014
1.430000,0.230433
1.431000,0.230852
1.432000,0.231271
1.433000,0.231690
1.434000,0.232110
1.435000,0.232530
1.436000,0.232950
1.437000,0.233371
1.438000,0.233792
1.439000,0.234213
1.440000,0.234635
1.441000,0.235056
1.442000,0.235478
1.443000,0.235901
1.444000,0.236323
1.445000,0.236746
1.446000,0.237169
1.447000,0.237593
1.448000,0.238016
1.449000,0.238440
1.450000,0.238865
1.451000,0.239289
1.452000,0.239714
1.453000,0.240139
1.454000,0.240564
1.455000,0.240990
1.456000,0.241416
1.457000,0.241842
1.458000,0.242268
1.459000,0.242695
1.460000,0.243122
1.461000,0.243549
1.462000,0.243977
1.463000,0.244404
1.464000,0.244833
1.465000,0.245261
1.466000,0.245689
1.467000,0.246118
1.468000,0.246547
1.469000,0.246977
1.470000,0.247406
1.471000,0.247836
1.472000,0.248266
1.473000,0.248697
1.474000,0.249128
1.475000,0.249559
1.476000,0.249990
1.477000,0.250421
1.478000,0.250853
1.479000,0.251285
1.480000,0.251717
1.481000,0.252150
1.482000,0.252583
1.483000,0.253016
1.484000,0.253449
1.485000,0.253883
1.486000,0.254316
1.487000,0.254750
1.488000,0.255185
1.489000,0.255619
1.490000,0.256054
1.491000,0.256489
1.492000,0.256925
1.493000,0.257360
1.494000,0.257796
1.495000,0.258232
1.496000,0.258669
1.497000,0.259105
1.498000,0.259542
1.499000,0.259979
1.500000,0.260417
1.501000,0.260854
1.502000,0.261292
1.503000,0.261730
1.504000,0.262169
1.505000,0.262607
1.506000,0.263046
1.507000,0.263485
1.508000,0.263925
1.509000,0.264364
1.510000,0.264804
1.511000,0.265244
1.512000,0.265684
1.513000,0.266125
1.514000,0.266566
1.515000,0.267007
1.516000,0.267448
1.517000,0.267890
1.518000,0.268332
1.519000,0.268774
1.520000,0.269216
1.521000,0.269658
1.522000,0.270101
1.523000,0.270544
1.524000,0.270987
1.525000,0.271431
1.526000,0.271875
1.527000,0.272319
1.528000,0.272763
1.529000,0.273207
1.530000,0.273652
1.531000,0.274097
1.532000,0.274542
1.533000,0.274987
1.534000,0.275433
1.535000,0.275879
1.536000,0.276325
1.537000,0.276771
1.538000,0.277218
1.539000,0.277664
1.540000,0.278111
1.541000,0.278559
1.542000,0.279006
1.543000,0.279454
1.544000,0.279902
1.545000,0.280350
1.546000,0.280798
1.547000,0.281247
1.548000,0.281695
1.549000,0.282144
1.550000,0.282594
1.551000,0.283043
1.552000,0.283493
1.553000,0.283943
1.554000,0.284393
1.555000,0.284843
1.556000,0.285294
1.557000,0.285745
1.558000,0.286196
1.559000,0.286647
1.560000,0.287099
1.561000,0.287550
1.562000,0.288002
1.563000,0.288454
1.564000,0.288907
1.565000,0.289359
1.566000,0.289812
1.567000,0.290265
1.568000,0.290718
1.569000,0.291172
1.570000,0.291626
1.571000,0.292079
1.572000,0.292534
1.573000,0.292988
1.574000,0.293442
1.575000,0.293897
1.576000,0.294352
1.577000,0.294807
1.578000,0.295263
1.579000,0.295718
1.580000,0.296174
1.581000,0.296630
1.582000,0.297086
1.583000,0.297543
1.584000,0.297999
1.585000,0.298456
1.586000,0.298913
1.587000,0.299370
1.588000,0.299828
1.589000,0.300286
1.590000,0.300743
1.591000,0.301201
1.592000,0.301660
1.593000,0.302118
1.594000,0.302577
1.595000,0.303036
1.596000,0.303495
1.597000,0.303954
1.598000,0.304414
1.599000,0.304873
1.600000,0.305333
1.601000,0.305793
1.602000,0.306254
1.603000,0.306714
1.604000,0.307175
1.605000,0.307636
1.606000,0.308097
1.607000,0.308558
1.608000,0.309020
1.609000,0.309481
1.610000,0.309943
1.611000,0.310405
1.612000,0.310868
1.613000,0.311330
1.614000,0.311793
1.615000,0.312256
1.616000,0.312719
1.617000,0.313182
1.618000,0.313645
1.619000,0.314109
1.620000,0.314573
1.621000,0.315037
1.622000,0.315501
1.623000,0.315965
1.624000,0.316430
1.625000,0.316895
1.626000,0.317359
1.627000,0.317825
1.628000,0.318290
1.629000,0.318755
1.630000,0.319221
1.631000,0.319687
1.632000,0.320153
1.633000,0.320619
1.634000,0.321086
1.635000,0.321552
1.636000,0.322019
1.637000,0.322486
1.638000,0.322953
1.639000,0.323420
1.640000,0.323888
1.641000,0.324356
1.642000,0.324824
1.643000,0.325292
1.644000,0.325760
1.645000,0.326228
1.646000,0.326697
1.647000,0.327166
1.648000,0.327634
1.649000,0.328104
1.650000,0.328573
1.651000,0.329042
1.652000,0.329512
1.653000,0.329982
1.654000,0.330452
1.655000,0.330922
1.656000,0.331392
1.657000,0.331863
1.658000,0.332333
1.659000,0.332804
1.660000,0.333275
1.661000,0.333746
1.662000,0.334218
1.663000,0.334689
1.664000,0.335161
1.665000,0.335633
1.666000,0.336105
1.667000,0.336577
1.668000,0.337050
1.669000,0.337522
1.670000,0.337995
1.671000,0.338468
1.672000,0.338941
1.673000,0.339414
1.674000,0.339887
1.675000,0.340361
1.676000,0.340834
1.677000,0.341308
1.678000,0.341782
1.679000,0.342256
1.680000,0.342731
1.681000,0.343205
1.682000,0.343680
1.683000,0.344155
1.684000,0.344630
1.685000,0.345105
1.686000,0.345580
1.687000,0.346055
1.688000,0.346531
1.689000,0.347007
1.690000,0.347483
1.691000,0.347959
1.692000,0.348435
1.693000,0.348911
1.694000,0.349388
1.695000,0.349864
1.696000,0.350341
1.697000,0.350818
1.698000,0.351295
1.699000,0.351773
1.700000,0.352250
1.701000,0.352728
1.702000,0.353205
1.703000,0.353683
1.704000,0.354161
1.705000,0.354639
1.706000,0.355118
1.707000,0.355596
1.708000,0.356075
1.709000,0.356553
1.710000,0.357032
1.711000,0.357511
1.712000,0.357991
1.713000,0.358470
1.714000,0.358949
1.715000,0.359429
1.716000,0.359909
1.717000,0.360389
1.718000,0.360869
1.719000,0.361349
1.720000,0.361829
1.721000,0.362310
1.722000,0.362790
1.723000,0.363271
1.724000,0.363752
1.725000,0.364233
1.726000,0.364714
1.727000,0.365196
1.728000,0.365677
1.729000,0.366159
1.730000,0.366640
1.731000,0.367122
1.732000,0.367604
1.733000,0.368086
1.734000,0.368568
1.735000,0.369051
1.736000,0.369533
1.737000,0.370016
1.738000,0.370499
1.739000,0.370982
1.740000,0.371465
1.741000,0.371948
1.742000,0.372431
1.743000,0.372915
1.744000,0.373398
1.745000,0.373882
1.746000,0.374366
1.747000,0.374850
1.748000,0.375334
1.749000,0.375818
1.750000,0.376302
1.751000,0.376787
1.752000,0.377271
1.753000,0.377756
1.754000,0.378241
1.755000,0.378725
1.756000,0.379211
1.757000,0.379696
1.758000,0.380181
1.759000,0.380666
1.760000,0.381152
1.761000,0.381638
1.762000,0.382123
1.763000,0.382609
1.764000,0.383095
1.765000,0.383581
1.766000,0.384068
1.767000,0.384554
1.768000,0.385041
1.769000,0.385527
1.770000,0.386014
1.771000,0.386501
1.772000,0.386988
1.773000,0.387475
1.774000,0.387962
1.775000,0.388449
1.776000,0.388937
1.777000,0.389424
1.778000,0.389912
1.779000,0.390399
1.780000,0.390887
1.781000,0.391375
1.782000,0.391863
1.783000,0.392352
1.784000,0.392840
1.785000,0.393328
1.786000,0.393817
1.787000,0.394305
1.788000,0.394794
1.789000,0.395283
1.790000,0.395772
1.791000,0.396261
1.792000,0.396750
1.793000,0.397239
1.794000,0.397728
1.795000,0.398218
1.796000,0.398707
1.797000,0.399197
1.798000,0.399687
1.799000,0.400177
1.800000,0.400667
1.801000,0.401157
1.802000,0.401647
1.803000,0.402137
1.804000,0.402627
1.805000,0.403118
1.806000,0.403608
1.807000,0.404099
1.808000,0.404590
1.809000,0.405081
1.810000,0.405572
1.811000,0.406063
1.812000,0.406554
1.813000,0.407045
1.814000,0.407536
1.815000,0.408028
1.816000,0.408519
1.817000,0.409011
1.818000,0.409502
1.819000,0.409994
1.820000,0.410486
1.821000,0.410978
1.822000,0.411470
1.823000,0.411962
1.824000,0.412454
1.825000,0.412947
1.826000,0.413439
1.827000,0.413931
1.828000,0.414424
1.829000,0.414917
1.830000,0.415409
1.831000,0.415902
1.832000,0.416395
1.833000,0.416888
1.834000,0.417381
1.835000,0.417874
1.836000,0.418368
1.837000,0.418861
1.838000,0.419354
1.839000,0.419848
1.840000,0.420341
1.841000,0.420835
1.842000,0.421329
1.843000,0.421822
1.844000,0.422316
1.845000,0.422810
1.846000,0.423304
1.847000,0.423798
1.848000,0.424293
1.849000,0.424787
1.850000,0.425281
1.851000,0.425776
1.852000,0.426270
1.853000,0.426765
1.854000,0.427259
1.855000,0.427754
1.856000,0.428249
1.857000,0.428744
1.858000,0.429239
1.859000,0.429734
1.860000,0.430229
1.861000,0.430724
1.862000,0.431219
1.863000,0.431714
1.864000,0.432210
1.865000,0.432705
1.866000,0.433200
1.867000,0.433696
1.868000,0.434192
1.869000,0.434687
1.870000,0.435183
1.871000,0.435679
1.872000,0.436175
1.873000,0.436671
1.874000,0.437167
1.875000,0.437663
1.876000,0.438159
1.877000,0.438655
1.878000,0.439151
1.879000,0.439648
1.880000,0.440144
1.881000,0.440640
1.882000,0.441137
1.883000,0.441633
1.884000,0.442130
1.885000,0.442627
1.886000,0.443123
1.887000,0.443620
1.888000,0.444117
1.889000,0.444614
1.890000,0.445111
1.891000,0.445608
1.892000,0.446105
1.893000,0.446602
1.894000,0.447099
1.895000,0.447596
1.896000,0.448094
1.897000,0.448591
1.898000,0.449088
1.899000,0.449586
1.900000,0.450083
1.901000,0.450581
1.902000,0.451078
1.903000,0.451576
1.904000,0.452074
1.905000,0.452571
1.906000,0.453069
1.907000,0.453567
1.908000,0.454065
1.909000,0.454563
1.910000,0.455061
1.911000,0.455559
1.912000,0.456057
1.913000,0.456555
1.914000,0.457053
1.915000,0.457551
1.916000,0.458049
1.917000,0.458548
1.918000,0.459046
1.919000,0.459544
1.920000,0.460043
1.921000,0.460541
1.922000,0.461040
1.923000,0.461538
1.924000,0.462037
1.925000,0.462535
1.926000,0.463034
1.927000,0.463532
1.928000,0.464031
1.929000,0.464530
1.930000,0.465029
1.931000,0.465527
1.932000,0.466026
1.933000,0.466525
1.934000,0.467024
1.935000,0.467523
1.936000,0.468022
1.937000,0.468521
1.938000,0.469020
1.939000,0.469519
1.940000,0.470018
1.941000,0.470517
1.942000,0.471016
1.943000,0.471515
1.944000,0.472015
1.945000,0.472514
1.946000,0.473013
1.947000,0.473512
1.948000,0.474012
1.949000,0.474511
1.950000,0.475010
1.951000,0.475510
1.952000,0.476009
1.953000,0.476509
1.954000,0.477008
1.955000,0.477508
1.956000,0.478007
1.957000,0.478507
1.958000,0.479006
1.959000,0.479506
1.960000,0.480005
1.961000,0.480505
1.962000,0.481005
1.963000,0.481504
1.964000,0.482004
1.965000,0.482504
1.966000,0.483003
1.967000,0.483503
1.968000,0.484003
1.969000,0.484502
1.970000,0.485002
1.971000,0.485502
1.972000,0.486002
1.973000,0.486502
1.974000,0.487001
1.975000,0.487501
1.976000,0.488001
1.977000,0.488501
1.978000,0.489001
1.979000,0.489501
1.980000,0.490001
1.981000,0.490501
1.982000,0.491000
1.983000,0.491500
1.984000,0.492000
1.985000,0.492500
1.986000,0.493000
1.987000,0.493500
1.988000,0.494000
1.989000,0.494500
1.990000,0.495000
1.991000,0.495500
1.992000,0.496000
1.993000,0.496500
1.994000,0.497000
1.995000,0.497500
1.996000,0.498000
1.997000,0.498500
1.998000,0.499000
1.999000,0.499500
2.000000,0.500000
2.001000,0.500500
2.002000,0.500999
2.003000,0.501497
2.004000,0.501994
2.005000,0.502490
2.006000,0.502985
2.007000,0.503479
2.008000,0.503972
2.009000,0.504464
2.010000,0.504955
2.011000,0.505445
2.012000,0.505934
2.013000,0.506422
2.014000,0.506909
2.015000,0.507395
2.016000,0.507880
2.017000,0.508364
2.018000,0.508847
2.019000,0.509328
2.020000,0.509809
2.021000,0.510289
2.022000,0.510768
2.023000,0.511246
2.024000,0.511723
2.025000,0.512199
2.026000,0.512674
2.027000,0.513147
2.028000,0.513620
2.029000,0.514092
2.030000,0.514563
2.031000,0.515033
2.032000,0.515501
2.033000,0.515969
2.034000,0.516436
2.035000,0.516901
2.036000,0.517366
2.037000,0.517830
2.038000,0.518292
2.039000,0.518754
2.040000,0.519215
2.041000,0.519674
2.042000,0.520133
2.043000,0.520590
2.044000,0.521047
2.045000,0.521502
2.046000,0.521957
2.047000,0.522410
2.048000,0.522863
2.049000,0.523314
2.050000,0.523765
2.051000,0.524214
2.052000,0.524662
2.053000,0.525110
2.054000,0.525556
2.055000,0.526001
2.056000,0.526445
2.057000,0.526889
2.058000,0.527331
2.059000,0.527772
2.060000,0.528212
2.061000,0.528651
2.062000,0.529089
2.063000,0.529526
2.064000,0.529962
2.065000,0.530397
2.066000,0.530831
2.067000,0.531264
2.068000,0.531696
2.069000,0.532127
2.070000,0.532556
2.071000,0.532985
2.072000,0.533413
2.073000,0.533840
2.074000,0.534265
2.075000,0.534690
2.076000,0.535113
2.077000,0.535536
2.078000,0.535957
2.079000,0.536378
2.080000,0.536797
2.081000,0.537216
2.082000,0.537633
2.083000,0.538049
2.084000,0.538465
2.085000,0.538879
2.086000,0.539292
2.087000,0.539704
2.088000,0.540115
2.089000,0.540525
2.090000,0.540934
2.091000,0.541342
2.092000,0.541749
2.093000,0.542155
2.094000,0.542560
2.095000,0.542964
2.096000,0.543366
2.097000,0.543768
2.098000,0.544169
2.099000,0.544568
2.100000,0.544967
2.101000,0.545364
2.102000,0.545761
2.103000,0.546156
2.104000,0.546550
2.105000,0.546944
2.106000,0.547336
2.107000,0.547727
2.108000,0.548117
2.109000,0.548506
2.110000,0.548894
2.111000,0.549281
2.112000,0.549667
2.113000,0.550052
2.114000,0.550436
2.115000,0.550818
2.116000,0.551200
2.117000,0.551581
2.118000,0.551960
2.119000,0.552339
2.120000,0.552716
2.121000,0.553092
2.122000,0.553468
2.123000,0.553842
2.124000,0.554215
2.125000,0.554587
2.126000,0.554958
2.127000,0.555328
2.128000,0.555697
2.129000,0.556065
2.130000,0.556432
2.131000,0.556798
2.132000,0.557162
2.133000,0.557526
2.134000,0.557889
2.135000,0.558250
2.136000,0.558610
2.137000,0.558970
2.138000,0.559328
2.139000,0.559685
2.140000,0.560041
2.141000,0.560396
2.142000,0.560750
2.143000,0.561103
2.144000,0.561455
2.145000,0.561806
2.146000,0.562156
2.147000,0.562504
2.148000,0.562852
2.149000,0.563198
2.150000,0.563544
2.151000,0.563888
2.152000,0.564231
2.153000,0.564574
2.154000,0.564915
2.155000,0.565255
2.156000,0.565594
2.157000,0.565932
2.158000,0.566268
2.159000,0.566604
2.160000,0.566939
2.161000,0.567272
2.162000,0.567605
2.163000,0.567936
2.164000,0.568266
2.165000,0.568596
2.166000,0.568924
2.167000,0.569251
2.168000,0.569577
2.169000,0.569902
2.170000,0.570226
2.171000,0.570548
2.172000,0.570870
2.173000,0.571191
2.174000,0.571510
2.175000,0.571828
2.176000,0.572146
2.177000,0.572462
2.178000,0.572777
2.179000,0.573091
2.180000,0.573404
2.181000,0.573716
2.182000,0.574027
2.183000,0.574336
2.184000,0.574645
2.185000,0.574952
2.186000,0.575259
2.187000,0.575564
2.188000,0.575868
2.189000,0.576171
2.190000,0.576473
2.191000,0.576774
2.192000,0.577074
2.193000,0.577373
2.194000,0.577671
2.195000,0.577967
2.196000,0.578263
2.197000,0.578557
2.198000,0.578850
2.199000,0.579142
2.200000,0.579433
2.201000,0.579723
2.202000,0.580012
2.203000,0.580300
2.204000,0.580587
2.205000,0.580872
2.206000,0.581157
2.207000,0.581440
2.208000,0.581722
2.209000,0.582003
2.210000,0.582283
2.211000,0.582562
2.212000,0.582840
2.213000,0.583117
2.214000,0.583392
2.215000,0.583667
2.216000,0.583940
2.217000,0.584212
2.218000,0.584484
2.219000,0.584754
2.220000,0.585023
2.221000,0.585291
2.222000,0.585557
2.223000,0.585823
2.224000,0.586087
2.225000,0.586351
2.226000,0.586613
2.227000,0.586874
2.228000,0.587134
2.229000,0.587393
2.230000,0.587651
2.231000,0.587908
2.232000,0.588163
2.233000,0.588418
2.234000,0.588671
2.235000,0.588924
2.236000,0.589175
2.237000,0.589425
2.238000,0.589674
2.239000,0.589921
2.240000,0.590168
2.241000,0.590414
2.242000,0.590658
2.243000,0.590901
2.244000,0.591143
2.245000,0.591385
2.246000,0.591624
2.247000,0.591863
2.248000,0.592101
2.249000,0.592337
2.250000,0.592573
2.251000,0.592807
2.252000,0.593040
2.253000,0.593272
2.254000,0.593503
2.255000,0.593733
2.256000,0.593962
2.257000,0.594189
2.258000,0.594416
2.259000,0.594641
2.260000,0.594865
2.261000,0.595088
2.262000,0.595310
2.263000,0.595531
2.264000,0.595751
2.265000,0.595969
2.266000,0.596187
2.267000,0.596403
2.268000,0.596618
2.269000,0.596832
2.270000,0.597045
2.271000,0.597256
2.272000,0.597467
2.273000,0.597676
2.274000,0.597885
2.275000,0.598092
2.276000,0.598298
2.277000,0.598503
2.278000,0.598707
2.279000,0.598909
2.280000,0.599111
2.281000,0.599311
2.282000,0.599510
2.283000,0.599708
2.284000,0.599905
2.285000,0.600101
2.286000,0.600296
2.287000,0.600489
2.288000,0.600681
2.289000,0.600873
2.290000,0.601063
2.291000,0.601252
2.292000,0.601439
2.293000,0.601626
2.294000,0.601811
2.295000,0.601996
2.296000,0.602179
2.297000,0.602361
2.298000,0.602542
2.299000,0.602721
2.300000,0.602900
2.301000,0.603077
2.302000,0.603254
2.303000,0.603429
2.304000,0.603603
2.305000,0.603776
2.306000,0.603947
2.307000,0.604118
2.308000,0.604287
2.309000,0.604455
2.310000,0.604622
2.311000,0.604788
2.312000,0.604953
2.313000,0.605117
2.314000,0.605279
2.315000,0.605440
2.316000,0.605600
2.317000,0.605759
2.318000,0.605917
2.319000,0.606074
2.320000,0.606229
2.321000,0.606384
2.322000,0.606537
2.323000,0.606689
2.324000,0.606840
2.325000,0.606989
2.326000,0.607138
2.327000,0.607285
2.328000,0.607431
2.329000,0.607576
2.330000,0.607720
2.331000,0.607863
2.332000,0.608004
2.333000,0.608145
2.334000,0.608284
2.335000,0.608422
2.336000,0.608559
2.337000,0.608695
2.338000,0.608829
2.339000,0.608963
2.340000,0.609095
2.341000,0.609226
2.342000,0.609356
2.343000,0.609484
2.344000,0.609612
2.345000,0.609738
2.346000,0.609863
2.347000,0.609987
2.348000,0.610110
2.349000,0.610232
2.350000,0.610352
2.351000,0.610471
2.352000,0.610590
2.353000,0.610706
2.354000,0.610822
2.355000,0.610937
2.356000,0.611050
2.357000,0.611162
2.358000,0.611273
2.359000,0.611383
2.360000,0.611492
2.361000,0.611600
2.362000,0.611706
2.363000,0.611811
2.364000,0.611915
2.365000,0.612018
2.366000,0.612119
2.367000,0.612220
2.368000,0.612319
2.369000,0.612417
2.370000,0.612514
2.371000,0.612610
2.372000,0.612704
2.373000,0.612797
2.374000,0.612890
2.375000,0.612980
2.376000,0.613070
2.377000,0.613159
2.378000,0.613246
2.379000,0.613332
2.380000,0.613417
2.381000,0.613501
2.382000,0.613584
2.383000,0.613665
2.384000,0.613745
2.385000,0.613824
2.386000,0.613902
2.387000,0.613979
2.388000,0.614054
2.389000,0.614129
2.390000,0.614202
2.391000,0.614274
2.392000,0.614344
2.393000,0.614414
2.394000,0.614482
2.395000,0.614549
2.396000,0.614615
2.397000,0.614680
2.398000,0.614743
2.399000,0.614806
2.400000,0.614867
2.401000,0.614927
2.402000,0.614985
2.403000,0.615043
2.404000,0.615099
2.405000,0.615154
2.406000,0.615208
2.407000,0.615261
2.408000,0.615312
2.409000,0.615363
2.410000,0.615412
2.411000,0.615459
2.412000,0.615506
2.413000,0.615552
2.414000,0.615596
2.415000,0.615639
2.416000,0.615681
2.417000,0.615721
2.418000,0.615761
2.419000,0.615799
2.420000,0.615836
2.421000,0.615872
2.422000,0.615906
2.423000,0.615940
2.424000,0.615972
2.425000,0.616003
2.426000,0.616033
2.427000,0.616061
2.428000,0.616088
2.429000,0.616115
2.430000,0.616139
2.431000,0.616163
2.432000,0.616186
2.433000,0.616207
2.434000,0.616227
2.435000,0.616246
2.436000,0.616263
2.437000,0.616280
2.438000,0.616295
2.439000,0.616309
2.440000,0.616321
2.441000,0.616333
2.442000,0.616343
2.443000,0.616352
2.444000,0.616360
2.445000,0.616367
2.446000,0.616372
2.447000,0.616376
2.448000,0.616379
2.449000,0.616381
2.450000,0.616381
2.451000,0.616381
2.452000,0.616379
2.453000,0.616375
2.454000,0.616371
2.455000,0.616365
2.456000,0.616358
2.457000,0.616350
2.458000,0.616341
2.459000,0.616330
2.460000,0.616319
2.461000,0.616306
2.462000,0.616291
2.463000,0.616276
2.464000,0.616259
2.465000,0.616241
2.466000,0.616222
2.467000,0.616202
2.468000,0.616180
2.469000,0.616157
2.470000,0.616133
2.471000,0.616108
2.472000,0.616081
2.473000,0.616053
2.474000,0.616024
2.475000,0.615994
2.476000,0.615963
2.477000,0.615930
2.478000,0.615896
2.479000,0.615861
2.480000,0.615824
2.481000,0.615786
2.482000,0.615747
2.483000,0.615707
2.484000,0.615666
2.485000,0.615623
2.486000,0.615579
2.487000,0.615534
2.488000,0.615488
2.489000,0.615440
2.490000,0.615391
2.491000,0.615341
2.492000,0.615289
2.493000,0.615237
2.494000,0.615183
2.495000,0.615128
2.496000,0.615071
2.497000,0.615014
2.498000,0.614955
2.499000,0.614895
2.500000,0.614833
2.501000,0.614771
2.502000,0.614707
2.503000,0.614642
2.504000,0.614575
2.505000,0.614508
2.506000,0.614439
2.507000,0.614369
2.508000,0.614297
2.509000,0.614225
2.510000,0.614151
2.511000,0.614076
2.512000,0.613999
2.513000,0.613922
2.514000,0.613843
2.515000,0.613762
2.516000,0.613681
2.517000,0.613598
2.518000,0.613514
2.519000,0.613429
2.520000,0.613343
2.521000,0.613255
2.522000,0.613166
2.523000,0.613076
2.524000,0.612984
2.525000,0.612891
2.526000,0.612797
2.527000,0.612702
2.528000,0.612606
2.529000,0.612508
2.530000,0.612409
2.531000,0.612308
2.532000,0.612207
2.533000,0.612104
2.534000,0.612000
2.535000,0.611894
2.536000,0.611787
2.537000,0.611680
2.538000,0.611570
2.539000,0.611460
2.540000,0.611348
2.541000,0.611235
2.542000,0.611121
2.543000,0.611005
2.544000,0.610888
2.545000,0.610770
2.546000,0.610651
2.547000,0.610530
2.548000,0.610408
2.549000,0.610285
2.550000,0.610160
2.551000,0.610035
2.552000,0.609908
2.553000,0.609779
2.554000,0.609650
2.555000,0.609519
2.556000,0.609387
2.557000,0.609253
2.558000,0.609119
2.559000,0.608983
2.560000,0.608845
2.561000,0.608707
2.562000,0.608567
2.563000,0.608426
2.564000,0.608284
2.565000,0.608140
2.566000,0.607995
2.567000,0.607849
2.568000,0.607701
2.569000,0.607552
2.570000,0.607402
2.571000,0.607251
2.572000,0.607098
2.573000,0.606944
2.574000,0.606789
2.575000,0.606633
2.576000,0.606475
2.577000,0.606316
2.578000,0.606155
2.579000,0.605994
2.580000,0.605831
2.581000,0.605666
2.582000,0.605501
2.583000,0.605334
2.584000,0.605166
2.585000,0.604997
2.586000,0.604826
2.587000,0.604654
2.588000,0.604481
2.589000,0.604306
2.590000,0.604130
2.591000,0.603953
2.592000,0.603774
2.593000,0.603595
2.594000,0.603414
2.595000,0.603231
2.596000,0.603048
2.597000,0.602863
2.598000,0.602676
2.599000,0.602489
2.600000,0.602300
2.601000,0.602110
2.602000,0.601918
2.603000,0.601726
2.604000,0.601532
2.605000,0.601336
2.606000,0.601140
2.607000,0.600942
2.608000,0.600742
2.609000,0.600542
2.610000,0.600340
2.611000,0.600137
2.612000,0.599932
2.613000,0.599727
2.614000,0.599519
2.615000,0.599311
2.616000,0.599101
2.617000,0.598890
2.618000,0.598678
2.619000,0.598464
2.620000,0.598249
2.621000,0.598033
2.622000,0.597816
2.623000,0.597597
2.624000,0.597376
2.625000,0.597155
2.626000,0.596932
2.627000,0.596708
2.628000,0.596483
2.629000,0.596256
2.630000,0.596028
2.631000,0.595798
2.632000,0.595568
2.633000,0.595336
2.634000,0.595102
2.635000,0.594868
2.636000,0.594632
2.637000,0.594394
2.638000,0.594156
2.639000,0.593916
2.640000,0.593675
2.641000,0.593432
2.642000,0.593188
2.643000,0.592943
2.644000,0.592697
2.645000,0.592449
2.646000,0.592200
2.647000,0.591949
2.648000,0.591697
2.649000,0.591444
2.650000,0.591190
2.651000,0.590934
2.652000,0.590677
2.653000,0.590418
2.654000,0.590159
2.655000,0.589897
2.656000,0.589635
2.657000,0.589371
2.658000,0.589106
2.659000,0.588840
2.660000,0.588572
2.661000,0.588303
2.662000,0.588033
2.663000,0.587761
2.664000,0.587488
2.665000,0.587213
2.666000,0.586938
2.667000,0.586661
2.668000,0.586382
2.669000,0.586103
2.670000,0.585821
2.671000,0.585539
2.672000,0.585255
2.673000,0.584970
2.674000,0.584684
2.675000,0.584396
2.676000,0.584107
2.677000,0.583817
2.678000,0.583525
2.679000,0.583232
2.680000,0.582937
2.681000,0.582642
2.682000,0.582345
2.683000,0.582046
2.684000,0.581746
2.685000,0.581445
2.686000,0.581143
2.687000,0.580839
2.688000,0.580534
2.689000,0.580227
2.690000,0.579919
2.691000,0.579610
2.692000,0.579300
2.693000,0.578988
2.694000,0.578674
2.695000,0.578360
2.696000,0.578044
2.697000,0.577727
2.698000,0.577408
2.699000,0.577088
2.700000,0.576767
2.701000,0.576444
2.702000,0.576120
2.703000,0.575795
2.704000,0.575468
2.705000,0.575140
2.706000,0.574810
2.707000,0.574480
2.708000,0.574147
2.709000,0.573814
2.710000,0.573479
2.711000,0.573143
2.712000,0.572805
2.713000,0.572466
2.714000,0.572126
2.715000,0.571785
2.716000,0.571442
2.717000,0.571097
2.718000,0.570752
2.719000,0.570404
2.720000,0.570056
2.721000,0.569706
2.722000,0.569355
2.723000,0.569003
2.724000,0.568649
2.725000,0.568294
2.726000,0.567937
2.727000,0.567579
2.728000,0.567220
2.729000,0.566859
2.730000,0.566497
2.731000,0.566134
2.732000,0.565769
2.733000,0.565403
2.734000,0.565035
2.735000,0.564666
2.736000,0.564296
2.737000,0.563924
2.738000,0.563551
2.739000,0.563177
2.740000,0.562801
2.741000,0.562424
2.742000,0.562046
2.743000,0.561666
2.744000,0.561285
2.745000,0.560902
2.746000,0.560518
2.747000,0.560133
2.748000,0.559746
2.749000,0.559358
2.750000,0.558969
2.751000,0.558578
2.752000,0.558186
2.753000,0.557792
2.754000,0.557397
2.755000,0.557001
2.756000,0.556603
2.757000,0.556204
2.758000,0.555804
2.759000,0.555402
2.760000,0.554999
2.761000,0.554594
2.762000,0.554188
2.763000,0.553781
2.764000,0.553372
2.765000,0.552962
2.766000,0.552550
2.767000,0.552138
2.768000,0.551723
2.769000,0.551308
2.770000,0.550891
2.771000,0.550472
2.772000,0.550052
2.773000,0.549631
2.774000,0.549209
2.775000,0.548785
2.776000,0.548359
2.777000,0.547933
2.778000,0.547504
2.779000,0.547075
2.780000,0.546644
2.781000,0.546212
2.782000,0.545778
2.783000,0.545343
2.784000,0.544907
2.785000,0.544469
2.786000,0.544029
2.787000,0.543589
2.788000,0.543147
2.789000,0.542703
2.790000,0.542258
2.791000,0.541812
2.792000,0.541365
2.793000,0.540916
2.794000,0.540465
2.795000,0.540013
2.796000,0.539560
2.797000,0.539106
2.798000,0.538650
2.799000,0.538192
2.800000,0.537733
2.801000,0.537273
2.802000,0.536812
2.803000,0.536349
2.804000,0.535884
2.805000,0.535418
2.806000,0.534951
2.807000,0.534483
2.808000,0.534013
2.809000,0.533541
2.810000,0.533068
2.811000,0.532594
2.812000,0.532118
2.813000,0.531641
2.814000,0.531163
2.815000,0.530683
2.816000,0.530202
2.817000,0.529719
2.818000,0.529235
2.819000,0.528750
2.820000,0.528263
2.821000,0.527774
2.822000,0.527285
2.823000,0.526794
2.824000,0.526301
2.825000,0.525807
2.826000,0.525312
2.827000,0.524815
2.828000,0.524317
2.829000,0.523817
2.830000,0.523316
2.831000,0.522814
2.832000,0.522310
2.833000,0.521805
2.834000,0.521298
2.835000,0.520790
2.836000,0.520280
2.837000,0.519769
2.838000,0.519257
2.839000,0.518743
2.840000,0.518228
2.841000,0.517711
2.842000,0.517193
2.843000,0.516674
2.844000,0.516153
2.845000,0.515631
2.846000,0.515107
2.847000,0.514582
2.848000,0.514055
2.849000,0.513527
2.850000,0.512998
2.851000,0.512467
2.852000,0.511935
2.853000,0.511401
2.854000,0.510866
2.855000,0.510330
2.856000,0.509792
2.857000,0.509252
2.858000,0.508711
2.859000,0.508169
2.860000,0.507625
2.861000,0.507080
2.862000,0.506534
2.863000,0.505986
2.864000,0.505436
2.865000,0.504886
2.866000,0.504333
2.867000,0.503780
2.868000,0.503224
2.869000,0.502668
2.870000,0.502110
2.871000,0.501550
2.872000,0.500990
2.873000,0.500427
2.874000,0.499863
2.875000,0.499298
2.876000,0.498732
2.877000,0.498164
2.878000,0.497594
2.879000,0.497023
2.880000,0.496451
2.881000,0.495877
2.882000,0.495302
2.883000,0.494725
2.884000,0.494147
2.885000,0.493567
2.886000,0.492986
2.887000,0.492404
2.888000,0.491820
2.889000,0.491234
2.890000,0.490648
2.891000,0.490059
2.892000,0.489470
2.893000,0.488879
2.894000,0.488286
2.895000,0.487692
2.896000,0.487096
2.897000,0.486500
2.898000,0.485901
2.899000,0.485301
2.900000,0.484700
2.901000,0.484097
2.902000,0.483493
2.903000,0.482888
2.904000,0.482280
2.905000,0.481672
2.906000,0.481062
2.907000,0.480451
2.908000,0.479838
2.909000,0.479223
2.910000,0.478607
2.911000,0.477990
2.912000,0.477372
2.913000,0.476751
2.914000,0.476130
2.915000,0.475507
2.916000,0.474882
2.917000,0.474256
2.918000,0.473629
2.919000,0.473000
2.920000,0.472369
2.921000,0.471738
2.922000,0.471104
2.923000,0.470470
2.924000,0.469833
2.925000,0.469196
2.926000,0.468557
2.927000,0.467916
2.928000,0.467274
2.929000,0.466630
2.930000,0.465985
2.931000,0.465339
2.932000,0.464691
2.933000,0.464042
2.934000,0.463391
2.935000,0.462738
2.936000,0.462085
2.937000,0.461429
2.938000,0.460773
2.939000,0.460114
2.940000,0.459455
2.941000,0.458794
2.942000,0.458131
2.943000,0.457467
2.944000,0.456801
2.945000,0.456134
2.946000,0.455466
2.947000,0.454796
2.948000,0.454124
2.949000,0.453452
2.950000,0.452777
2.951000,0.452101
2.952000,0.451424
2.953000,0.450745
2.954000,0.450065
2.955000,0.449383
2.956000,0.448700
2.957000,0.448015
2.958000,0.447329
2.959000,0.446641
2.960000,0.445952
2.961000,0.445261
2.962000,0.444569
2.963000,0.443876
2.964000,0.443181
2.965000,0.442484
2.966000,0.441786
2.967000,0.441086
2.968000,0.440385
2.969000,0.439683
2.970000,0.438979
2.971000,0.438274
2.972000,0.437567
2.973000,0.436858
2.974000,0.436148
2.975000,0.435437
2.976000,0.434724
2.977000,0.434010
2.978000,0.433294
2.979000,0.432576
2.980000,0.431857
2.981000,0.431137
2.982000,0.430415
2.983000,0.429692
2.984000,0.428967
2.985000,0.428241
2.986000,0.427513
2.987000,0.426784
2.988000,0.426053
2.989000,0.425321
2.990000,0.424587
2.991000,0.423852
2.992000,0.423115
2.993000,0.422377
2.994000,0.421637
2.995000,0.420896
2.996000,0.420153
2.997000,0.419409
2.998000,0.418663
2.999000,0.417915
3.000000,0.417167
3.001000,0.416416
3.002000,0.415667
3.003000,0.414918
3.004000,0.414169
3.005000,0.413421
3.006000,0.412673
3.007000,0.411926
3.008000,0.411179
3.009000,0.410433
3.010000,0.409687
3.011000,0.408942
3.012000,0.408197
3.013000,0.407453
3.014000,0.406709
3.015000,0.405966
3.016000,0.405223
3.017000,0.404481
3.018000,0.403739
3.019000,0.402998
3.020000,0.402257
3.021000,0.401517
3.022000,0.400778
3.023000,0.400039
3.024000,0.399300
3.025000,0.398562
3.026000,0.397824
3.027000,0.397087
3.028000,0.396351
3.029000,0.395615
3.030000,0.394879
3.031000,0.394144
3.032000,0.393409
3.033000,0.392675
3.034000,0.391942
3.035000,0.391209
3.036000,0.390477
3.037000,0.389745
3.038000,0.389013
3.039000,0.388282
3.040000,0.387552
3.041000,0.386822
3.042000,0.386093
3.043000,0.385364
3.044000,0.384636
3.045000,0.383908
3.046000,0.383181
3.047000,0.382454
3.048000,0.381728
3.049000,0.381002
3.050000,0.380277
3.051000,0.379553
3.052000,0.378828
3.053000,0.378105
3.054000,0.377382
3.055000,0.376659
3.056000,0.375937
3.057000,0.375216
3.058000,0.374495
3.059000,0.373775
3.060000,0.373055
3.061000,0.372335
3.062000,0.371617
3.063000,0.370898
3.064000,0.370181
3.065000,0.369463
3.066000,0.368747
3.067000,0.368031
3.068000,0.367315
3.069000,0.366600
3.070000,0.365885
3.071000,0.365171
3.072000,0.364458
3.073000,0.363745
3.074000,0.363033
3.075000,0.362321
3.076000,0.361609
3.077000,0.360899
3.078000,0.360188
3.079000,0.359479
3.080000,0.358769
3.081000,0.358061
3.082000,0.357353
3.083000,0.356645
3.084000,0.355938
3.085000,0.355232
3.086000,0.354526
3.087000,0.353820
3.088000,0.353116
3.089000,0.352411
3.090000,0.351707
3.091000,0.351004
3.092000,0.350302
3.093000,0.349600
3.094000,0.348898
3.095000,0.348197
3.096000,0.347496
3.097000,0.346797
3.098000,0.346097
3.099000,0.345398
3.100000,0.344700
3.101000,0.344002
3.102000,0.343305
3.103000,0.342609
3.104000,0.341912
3.105000,0.341217
3.106000,0.340522
3.107000,0.339828
3.108000,0.339134
3.109000,0.338440
3.110000,0.337748
3.111000,0.337055
3.112000,0.336364
3.113000,0.335673
3.114000,0.334982
3.115000,0.334292
3.116000,0.333603
3.117000,0.332914
3.118000,0.332226
3.119000,0.331538
3.120000,0.330851
3.121000,0.330164
3.122000,0.329478
3.123000,0.328793
3.124000,0.328108
3.125000,0.327423
3.126000,0.326739
3.127000,0.326056
3.128000,0.325374
3.129000,0.324691
3.130000,0.324010
3.131000,0.323329
3.132000,0.322648
3.133000,0.321969
3.134000,0.321289
3.135000,0.320611
3.136000,0.319932
3.137000,0.319255
3.138000,0.318578
3.139000,0.317901
3.140000,0.317225
3.141000,0.316550
3.142000,0.315875
3.143000,0.315201
3.144000,0.314528
3.145000,0.313855
3.146000,0.313182
3.147000,0.312510
3.148000,0.311839
3.149000,0.311168
3.150000,0.310498
3.151000,0.309828
3.152000,0.309159
3.153000,0.308491
3.154000,0.307823
3.155000,0.307156
3.156000,0.306489
3.157000,0.305823
3.158000,0.305157
3.159000,0.304492
3.160000,0.303828
3.161000,0.303164
3.162000,0.302501
3.163000,0.301838
3.164000,0.301176
3.165000,0.300515
3.166000,0.299854
3.167000,0.299194
3.168000,0.298534
3.169000,0.297875
3.170000,0.297216
3.171000,0.296558
3.172000,0.295901
3.173000,0.295244
3.174000,0.294588
3.175000,0.293932
3.176000,0.293277
3.177000,0.292623
3.178000,0.291969
3.179000,0.291315
3.180000,0.290663
3.181000,0.290011
3.182000,0.289359
3.183000,0.288708
3.184000,0.288058
3.185000,0.287408
3.186000,0.286759
3.187000,0.286110
3.188000,0.285462
3.189000,0.284815
3.190000,0.284168
3.191000,0.283522
3.192000,0.282877
3.193000,0.282232
3.194000,0.281587
3.195000,0.280943
3.196000,0.280300
3.197000,0.279658
3.198000,0.279016
3.199000,0.278374
3.200000,0.277733
3.201000,0.277093
3.202000,0.276454
3.203000,0.275815
3.204000,0.275176
3.205000,0.274538
3.206000,0.273901
3.207000,0.273265
3.208000,0.272629
3.209000,0.271993
3.210000,0.271358
3.211000,0.270724
3.212000,0.270091
3.213000,0.269458
3.214000,0.268825
3.215000,0.268194
3.216000,0.267563
3.217000,0.266932
3.218000,0.266302
3.219000,0.265673
3.220000,0.265044
3.221000,0.264416
3.222000,0.263788
3.223000,0.263162
3.224000,0.262535
3.225000,0.261910
3.226000,0.261285
3.227000,0.260660
3.228000,0.260036
3.229000,0.259413
3.230000,0.258791
3.231000,0.258169
3.232000,0.257547
3.233000,0.256927
3.234000,0.256306
3.235000,0.255687
3.236000,0.255068
3.237000,0.254450
3.238000,0.253832
3.239000,0.253215
3.240000,0.252599
3.241000,0.251983
3.242000,0.251368
3.243000,0.250753
3.244000,0.250139
3.245000,0.249526
3.246000,0.248913
3.247000,0.248301
3.248000,0.247690
3.249000,0.247079
3.250000,0.246469
3.251000,0.245859
3.252000,0.245250
3.253000,0.244642
3.254000,0.244034
3.255000,0.243427
3.256000,0.242821
3.257000,0.242215
3.258000,0.241610
3.259000,0.241005
3.260000,0.240401
3.261000,0.239798
3.262000,0.239195
3.263000,0.238593
3.264000,0.237992
3.265000,0.237391
3.266000,0.236791
3.267000,0.236192
3.268000,0.235593
3.269000,0.234995
3.270000,0.234397
3.271000,0.233800
3.272000,0.233204
3.273000,0.232608
3.274000,0.232013
3.275000,0.231419
3.276000,0.230825
3.277000,0.230232
3.278000,0.229639
3.279000,0.229047
3.280000,0.228456
3.281000,0.227865
3.282000,0.227276
3.283000,0.226686
3.284000,0.226098
3.285000,0.225510
3.286000,0.224922
3.287000,0.224335
3.288000,0.223749
3.289000,0.223164
3.290000,0.222579
3.291000,0.221995
3.292000,0.221411
3.293000,0.220829
3.294000,0.220246
3.295000,0.219665
3.296000,0.219084
3.297000,0.218504
3.298000,0.217924
3.299000,0.217345
3.300000,0.216767
3.301000,0.216189
3.302000,0.215612
3.303000,0.215036
3.304000,0.214460
3.305000,0.213885
3.306000,0.213310
3.307000,0.212737
3.308000,0.212164
3.309000,0.211591
3.310000,0.211019
3.311000,0.210448
3.312000,0.209878
3.313000,0.209308
3.314000,0.208739
3.315000,0.208170
3.316000,0.207602
3.317000,0.207035
3.318000,0.206469
3.319000,0.205903
3.320000,0.205337
3.321000,0.204773
3.322000,0.204209
3.323000,0.203646
3.324000,0.203083
3.325000,0.202521
3.326000,0.201960
3.327000,0.201399
3.328000,0.200839
3.329000,0.200280
3.330000,0.199721
3.331000,0.199164
3.332000,0.198606
3.333000,0.198050
3.334000,0.197494
3.335000,0.196938
3.336000,0.196384
3.337000,0.195830
3.338000,0.195277
3.339000,0.194724
3.340000,0.194172
3.341000,0.193621
3.342000,0.193070
3.343000,0.192520
3.344000,0.191971
3.345000,0.191422
3.346000,0.190875
3.347000,0.190327
3.348000,0.189781
3.349000,0.189235
3.350000,0.188690
3.351000,0.188145
3.352000,0.187601
3.353000,0.187058
3.354000,0.186516
3.355000,0.185974
3.356000,0.185433
3.357000,0.184892
3.358000,0.184352
3.359000,0.183813
3.360000,0.183275
3.361000,0.182737
3.362000,0.182200
3.363000,0.181663
3.364000,0.181128
3.365000,0.180593
3.366000,0.180058
3.367000,0.179525
3.368000,0.178992
3.369000,0.178459
3.370000,0.177928
3.371000,0.177397
3.372000,0.176867
3.373000,0.176337
3.374000,0.175808
3.375000,0.175280
3.376000,0.174753
3.377000,0.174226
3.378000,0.173700
3.379000,0.173174
3.380000,0.172649
3.381000,0.172125
3.382000,0.171602
3.383000,0.171079
3.384000,0.170557
3.385000,0.170036
3.386000,0.169515
3.387000,0.168996
3.388000,0.168476
3.389000,0.167958
3.390000,0.167440
3.391000,0.166923
3.392000,0.166406
3.393000,0.165891
3.394000,0.165376
3.395000,0.164861
3.396000,0.164348
3.397000,0.163835
3.398000,0.163322
3.399000,0.162811
3.400000,0.162300
3.401000,0.161790
3.402000,0.161280
3.403000,0.160772
3.404000,0.160264
3.405000,0.159756
3.406000,0.159250
3.407000,0.158744
3.408000,0.158238
3.409000,0.157734
3.410000,0.157230
3.411000,0.156727
3.412000,0.156225
3.413000,0.155723
3.414000,0.155222
3.415000,0.154722
3.416000,0.154222
3.417000,0.153723
3.418000,0.153225
3.419000,0.152727
3.420000,0.152231
3.421000,0.151735
3.422000,0.151239
3.423000,0.150745
3.424000,0.150251
3.425000,0.149758
3.426000,0.149265
3.427000,0.148773
3.428000,0.148282
3.429000,0.147792
3.430000,0.147302
3.431000,0.146813
3.432000,0.146325
3.433000,0.145838
3.434000,0.145351
3.435000,0.144865
3.436000,0.144380
3.437000,0.143895
3.438000,0.143411
3.439000,0.142928
3.440000,0.142445
3.441000,0.141964
3.442000,0.141483
3.443000,0.141002
3.444000,0.140523
3.445000,0.140044
3.446000,0.139566
3.447000,0.139088
3.448000,0.138612
3.449000,0.138136
3.450000,0.137660
3.451000,0.137186
3.452000,0.136712
3.453000,0.136239
3.454000,0.135767
3.455000,0.135295
3.456000,0.134824
3.457000,0.134354
3.458000,0.133885
3.459000,0.133416
3.460000,0.132948
3.461000,0.132481
3.462000,0.132014
3.463000,0.131549
3.464000,0.131083
3.465000,0.130619
3.466000,0.130156
3.467000,0.129693
3.468000,0.129231
3.469000,0.128769
3.470000,0.128309
3.471000,0.127849
3.472000,0.127390
3.473000,0.126931
3.474000,0.126473
3.475000,0.126016
3.476000,0.125560
3.477000,0.125105
3.478000,0.124650
3.479000,0.124196
3.480000,0.123743
3.481000,0.123290
3.482000,0.122838
3.483000,0.122387
3.484000,0.121937
3.485000,0.121487
3.486000,0.121039
3.487000,0.120591
3.488000,0.120143
3.489000,0.119697
3.490000,0.119251
3.491000,0.118806
3.492000,0.118361
3.493000,0.117918
3.494000,0.117475
3.495000,0.117033
3.496000,0.116591
3.497000,0.116151
3.498000,0.115711
3.499000,0.115272
3.500000,0.114833
3.501000,0.114396
3.502000,0.113959
3.503000,0.113523
3.504000,0.113087
3.505000,0.112653
3.506000,0.112219
3.507000,0.111786
3.508000,0.111353
3.509000,0.110922
3.510000,0.110491
3.511000,0.110061
3.512000,0.109632
3.513000,0.109203
3.514000,0.108775
3.515000,0.108348
3.516000,0.107922
3.517000,0.107496
3.518000,0.107071
3.519000,0.106647
3.520000,0.106224
3.521000,0.105802
3.522000,0.105380
3.523000,0.104959
3.524000,0.104539
3.525000,0.104119
3.526000,0.103700
3.527000,0.103282
3.528000,0.102865
3.529000,0.102449
3.530000,0.102033
3.531000,0.101618
3.532000,0.101204
3.533000,0.100791
3.534000,0.100378
3.535000,0.099966
3.536000,0.099555
3.537000,0.099145
3.538000,0.098735
3.539000,0.098327
3.540000,0.097919
3.541000,0.097511
3.542000,0.097105
3.543000,0.096699
3.544000,0.096294
3.545000,0.095890
3.546000,0.095487
3.547000,0.095084
3.548000,0.094683
3.549000,0.094282
3.550000,0.093881
3.551000,0.093482
3.552000,0.093083
3.553000,0.092685
3.554000,0.092288
3.555000,0.091892
3.556000,0.091496
3.557000,0.091101
3.558000,0.090707
3.559000,0.090314
3.560000,0.089921
3.561000,0.089530
3.562000,0.089139
3.563000,0.088749
3.564000,0.088359
3.565000,0.087971
3.566000,0.087583
3.567000,0.087196
3.568000,0.086810
3.569000,0.086424
3.570000,0.086039
3.571000,0.085656
3.572000,0.085272
3.573000,0.084890
3.574000,0.084509
3.575000,0.084128
3.576000,0.083748
3.577000,0.083369
3.578000,0.082990
3.579000,0.082613
3.580000,0.082236
3.581000,0.081860
3.582000,0.081485
3.583000,0.081110
3.584000,0.080737
3.585000,0.080364
3.586000,0.079992
3.587000,0.079621
3.588000,0.079250
3.589000,0.078880
3.590000,0.078512
3.591000,0.078144
3.592000,0.077776
3.593000,0.077410
3.594000,0.077044
3.595000,0.076679
3.596000,0.076315
3.597000,0.075952
3.598000,0.075589
3.599000,0.075228
3.600000,0.074867
3.601000,0.074507
3.602000,0.074147
3.603000,0.073789
3.604000,0.073431
3.605000,0.073074
3.606000,0.072718
3.607000,0.072363
3.608000,0.072008
3.609000,0.071655
3.610000,0.071302
3.611000,0.070950
3.612000,0.070598
3.613000,0.070248
3.614000,0.069898
3.615000,0.069549
3.616000,0.069201
3.617000,0.068854
3.618000,0.068508
3.619000,0.068162
3.620000,0.067817
3.621000,0.067473
3.622000,0.067130
3.623000,0.066788
3.624000,0.066446
3.625000,0.066106
3.626000,0.065766
3.627000,0.065426
3.628000,0.065088
3.629000,0.064751
3.630000,0.064414
3.631000,0.064078
3.632000,0.063743
3.633000,0.063409
3.634000,0.063075
3.635000,0.062743
3.636000,0.062411
3.637000,0.062080
3.638000,0.061750
3.639000,0.061421
3.640000,0.061092
3.641000,0.060764
3.642000,0.060437
3.643000,0.060111
3.644000,0.059786
3.645000,0.059462
3.646000,0.059138
3.647000,0.058815
3.648000,0.058494
3.649000,0.058172
3.650000,0.057852
3.651000,0.057533
3.652000,0.057214
3.653000,0.056896
3.654000,0.056579
3.655000,0.056263
3.656000,0.055948
3.657000,0.055633
3.658000,0.055320
3.659000,0.055007
3.660000,0.054695
3.661000,0.054384
3.662000,0.054073
3.663000,0.053764
3.664000,0.053455
3.665000,0.053147
3.666000,0.052840
3.667000,0.052534
3.668000,0.052228
3.669000,0.051924
3.670000,0.051620
3.671000,0.051317
3.672000,0.051015
3.673000,0.050714
3.674000,0.050414
3.675000,0.050114
3.676000,0.049816
3.677000,0.049518
3.678000,0.049221
3.679000,0.048925
3.680000,0.048629
3.681000,0.048335
3.682000,0.048041
3.683000,0.047748
3.684000,0.047456
3.685000,0.047165
3.686000,0.046875
3.687000,0.046586
3.688000,0.046297
3.689000,0.046009
3.690000,0.045722
3.691000,0.045436
3.692000,0.045151
3.693000,0.044867
3.694000,0.044583
3.695000,0.044301
3.696000,0.044019
3.697000,0.043738
3.698000,0.043458
3.699000,0.043178
3.700000,0.042900
3.701000,0.042622
3.702000,0.042346
3.703000,0.042070
3.704000,0.041795
3.705000,0.041521
3.706000,0.041247
3.707000,0.040975
3.708000,0.040703
3.709000,0.040433
3.710000,0.040163
3.711000,0.039894
3.712000,0.039625
3.713000,0.039358
3.714000,0.039092
3.715000,0.038826
3.716000,0.038561
3.717000,0.038297
3.718000,0.038034
3.719000,0.037772
3.720000,0.037511
3.721000,0.037250
3.722000,0.036991
3.723000,0.036732
3.724000,0.036474
3.725000,0.036217
3.726000,0.035961
3.727000,0.035705
3.728000,0.035451
3.729000,0.035197
3.730000,0.034945
3.731000,0.034693
3.732000,0.034442
3.733000,0.034192
3.734000,0.033943
3.735000,0.033694
3.736000,0.033447
3.737000,0.033200
3.738000,0.032954
3.739000,0.032709
3.740000,0.032465
3.741000,0.032222
3.742000,0.031980
3.743000,0.031738
3.744000,0.031498
3.745000,0.031258
3.746000,0.031019
3.747000,0.030781
3.748000,0.030544
3.749000,0.030308
3.750000,0.030073
3.751000,0.029839
3.752000,0.029605
3.753000,0.029372
3.754000,0.029140
3.755000,0.028910
3.756000,0.028679
3.757000,0.028450
3.758000,0.028222
3.759000,0.027995
3.760000,0.027768
3.761000,0.027542
3.762000,0.027318
3.763000,0.027094
3.764000,0.026871
3.765000,0.026649
3.766000,0.026427
3.767000,0.026207
3.768000,0.025987
3.769000,0.025769
3.770000,0.025551
3.771000,0.025334
3.772000,0.025118
3.773000,0.024903
3.774000,0.024689
3.775000,0.024476
3.776000,0.024263
3.777000,0.024052
3.778000,0.023841
3.779000,0.023632
3.780000,0.023423
3.781000,0.023215
3.782000,0.023008
3.783000,0.022801
3.784000,0.022596
3.785000,0.022392
3.786000,0.022188
3.787000,0.021986
3.788000,0.021784
3.789000,0.021583
3.790000,0.021383
3.791000,0.021184
3.792000,0.020986
3.793000,0.020789
3.794000,0.020593
3.795000,0.020397
3.796000,0.020203
3.797000,0.020009
3.798000,0.019816
3.799000,0.019624
3.800000,0.019433
3.801000,0.019243
3.802000,0.019054
3.803000,0.018866
3.804000,0.018679
3.805000,0.018492
3.806000,0.018307
3.807000,0.018122
3.808000,0.017938
3.809000,0.017755
3.810000,0.017573
3.811000,0.017392
3.812000,0.017212
3.813000,0.017033
3.814000,0.016855
3.815000,0.016677
3.816000,0.016501
3.817000,0.016325
3.818000,0.016151
3.819000,0.015977
3.820000,0.015804
3.821000,0.015632
3.822000,0.015461
3.823000,0.015291
3.824000,0.015122
3.825000,0.014953
3.826000,0.014786
3.827000,0.014620
3.828000,0.014454
3.829000,0.014289
3.830000,0.014126
3.831000,0.013963
3.832000,0.013801
3.833000,0.013640
3.834000,0.013480
3.835000,0.013321
3.836000,0.013162
3.837000,0.013005
3.838000,0.012849
3.839000,0.012693
3.840000,0.012539
3.841000,0.012385
3.842000,0.012232
3.843000,0.012081
3.844000,0.011930
3.845000,0.011780
3.846000,0.011631
3.847000,0.011483
3.848000,0.011335
3.849000,0.011189
3.850000,0.011044
3.851000,0.010899
3.852000,0.010756
3.853000,0.010613
3.854000,0.010472
3.855000,0.010331
3.856000,0.010191
3.857000,0.010052
3.858000,0.009914
3.859000,0.009777
3.860000,0.009641
3.861000,0.009506
3.862000,0.009372
3.863000,0.009239
3.864000,0.009106
3.865000,0.008975
3.866000,0.008845
3.867000,0.008715
3.868000,0.008586
3.869000,0.008459
3.870000,0.008332
3.871000,0.008206
3.872000,0.008081
3.873000,0.007957
3.874000,0.007834
3.875000,0.007712
3.876000,0.007591
3.877000,0.007471
3.878000,0.007352
3.879000,0.007233
3.880000,0.007116
3.881000,0.007000
3.882000,0.006884
3.883000,0.006770
3.884000,0.006656
3.885000,0.006543
3.886000,0.006432
3.887000,0.006321
3.888000,0.006211
3.889000,0.006102
3.890000,0.005994
3.891000,0.005887
3.892000,0.005781
3.893000,0.005676
3.894000,0.005572
3.895000,0.005469
3.896000,0.005366
3.897000,0.005265
3.898000,0.005165
3.899000,0.005065
3.900000,0.004967
3.901000,0.004869
3.902000,0.004773
3.903000,0.004677
3.904000,0.004582
3.905000,0.004489
3.906000,0.004396
3.907000,0.004304
3.908000,0.004213
3.909000,0.004123
3.910000,0.004034
3.911000,0.003946
3.912000,0.003859
3.913000,0.003773
3.914000,0.003688
3.915000,0.003604
3.916000,0.003521
3.917000,0.003438
3.918000,0.003357
3.919000,0.003277
3.920000,0.003197
3.921000,0.003119
3.922000,0.003041
3.923000,0.002965
3.924000,0.002889
3.925000,0.002815
3.926000,0.002741
3.927000,0.002669
3.928000,0.002597
3.929000,0.002526
3.930000,0.002456
3.931000,0.002388
3.932000,0.002320
3.933000,0.002253
3.934000,0.002187
3.935000,0.002122
3.936000,0.002058
3.937000,0.001995
3.938000,0.001933
3.939000,0.001872
3.940000,0.001812
3.941000,0.001753
3.942000,0.001695
3.943000,0.001638
3.944000,0.001581
3.945000,0.001526
3.946000,0.001472
3.947000,0.001419
3.948000,0.001366
3.949000,0.001315
3.950000,0.001265
3.951000,0.001215
3.952000,0.001167
3.953000,0.001119
3.954000,0.001073
3.955000,0.001027
3.956000,0.000983
3.957000,0.000939
3.958000,0.000897
3.959000,0.000855
3.960000,0.000815
3.961000,0.000775
3.962000,0.000736
3.963000,0.000699
3.964000,0.000662
3.965000,0.000626
3.966000,0.000592
3.967000,0.000558
3.968000,0.000525
3.969000,0.000494
3.970000,0.000463
3.971000,0.000433
3.972000,0.000404
3.973000,0.000376
3.974000,0.000350
3.975000,0.000324
3.976000,0.000299
3.977000,0.000275
3.978000,0.000252
3.979000,0.000230
3.980000,0.000209
3.981000,0.000189
3.982000,0.000171
3.983000,0.000153
3.984000,0.000136
3.985000,0.000120
3.986000,0.000105
3.987000,0.000091
3.988000,0.000078
3.989000,0.000066
3.990000,0.000055
3.991000,0.000045
3.992000,0.000036
3.993000,0.000028
3.994000,0.000021
3.995000,0.000015
3.996000,0.000010
3.997000,0.000006
3.998000,0.000003
3.999000,0.000001
4.000000,0.000000
4.001000,0.000000
4.002000,0.000000
4.003000,0.000000
4.004000,0.000000
4.005000,0.000000
4.006000,0.000000
4.007000,0.000000
4.008000,0.000000
4.009000,0.000000
4.010000,0.000000
4.011000,0.000000
4.012000,0.000000
4.013000,0.000000
4.014000,0.000000
4.015000,0.000000
4.016000,0.000000
4.017000,0.000000
4.018000,0.000000
4.019000,0.000000
4.020000,0.000000
4.021000,0.000000
4.022000,0.000000
4.023000,0.000000
4.024000,0.000000
4.025000,0.000000
4.026000,0.000000
4.027000,0.000000
4.028000,0.000000
4.029000,0.000000
4.030000,0.000000
4.031000,0.000000
4.032000,0.000000
4.033000,0.000000
4.034000,0.000000
4.035000,0.000000
4.036000,0.000000
4.037000,0.000000
4.038000,0.000000
4.039000,0.000000
4.040000,0.000000
4.041000,0.000000
4.042000,0.000000
4.043000,0.000000
4.044000,0.000000
4.045000,0.000000
4.046000,0.000000
4.047000,0.000000
4.048000,0.000000
4.049000,0.000000
4.050000,0.000000
4.051000,0.000000
4.052000,0.000000
4.053000,0.000000
4.054000,0.000000
4.055000,0.000000
4.056000,0.000000
4.057000,0.000000
4.058000,0.000000
4.059000,0.000000
4.060000,0.000000
4.061000,0.000000
4.062000,0.000000
4.063000,0.000000
4.064000,0.000000
4.065000,0.000000
4.066000,0.000000
4.067000,0.000000
4.068000,0.000000
4.069000,0.000000
4.070000,0.000000
4.071000,0.000000
4.072000,0.000000
4.073000,0.000000
4.074000,0.000000
4.075000,0.000000
4.076000,0.000000
4.077000,0.000000
4.078000,0.000000
4.079000,0.000000
4.080000,0.000000
4.081000,0.000000
4.082000,0.000000
4.083000,0.000000
4.084000,0.000000
4.085000,0.000000
4.086000,0.000000
4.087000,0.000000
4.088000,0.000000
4.089000,0.000000
4.090000,0.000000
4.091000,0.000000
4.092000,0.000000
4.093000,0.000000
4.094000,0.000000
4.095000,0.000000
4.096000,0.000000
4.097000,0.000000
4.098000,0.000000
4.099000,0.000000
4.100000,0.000000
4.101000,0.000000
4.102000,0.000000
4.103000,0.000000
4.104000,0.000000
4.105000,0.000000
4.106000,0.000000
4.107000,0.000000
4.108000,0.000000
4.109000,0.000000
4.110000,0.000000
4.111000,0.000000
4.112000,0.000000
4.113000,0.000000
4.114000,0.000000
4.115000,0.000000
4.116000,0.000000
4.117000,0.000000
4.118000,0.000000
4.119000,0.000000
4.120000,0.000000
4.121000,0.000000
4.122000,0.000000
4.123000,0.000000
4.124000,0.000000
4.125000,0.000000
4.126000,0.000000
4.127000,0.000000
4.128000,0.000000
4.129000,0.000000
4.130000,0.000000
4.131000,0.000000
4.132000,0.000000
4.133000,0.000000
4.134000,0.000000
4.135000,0.000000
4.136000,0.000000
4.137000,0.000000
4.138000,0.000000
4.139000,0.000000
4.140000,0.000000
4.141000,0.000000
4.142000,0.000000
4.143000,0.000000
4.144000,0.000000
4.145000,0.000000
4.146000,0.000000
4.147000,0.000000
4.148000,0.000000
4.149000,0.000000
4.150000,0.000000
4.151000,0.000000
4.152000,0.000000
4.153000,0.000000
4.154000,0.000000
4.155000,0.000000
4.156000,0.000000
4.157000,0.000000
4.158000,0.000000
4.159000,0.000000
4.160000,0.000000
4.161000,0.000000
4.162000,0.000000
4.163000,0.000000
4.164000,0.000000
4.165000,0.000000
4.166000,0.000000
4.167000,0.000000
4.168000,0.000000
4.169000,0.000000
4.170000,0.000000
4.171000,0.000000
4.172000,0.000000
4.173000,0.000000
4.174000,0.000000
4.175000,0.000000
4.176000,0.000000
4.177000,0.000000
4.178000,0.000000
4.179000,0.000000
4.180000,0.000000
4.181000,0.000000
4.182000,0.000000
4.183000,0.000000
4.184000,0.000000
4.185000,0.000000
4.186000,0.000000
4.187000,0.000000
4.188000,0.000000
4.189000,0.000000
4.190000,0.000000
4.191000,0.000000
4.192000,0.000000
4.193000,0.000000
4.194000,0.000000
4.195000,0.000000
4.196000,0.000000
4.197000,0.000000
4.198000,0.000000
4.199000,0.000000
4.200000,0.000000
4.201000,0.000000
4.202000,0.000000
4.203000,0.000000
4.204000,0.000000
4.205000,0.000000
4.206000,0.000000
4.207000,0.000000
4.208000,0.000000
4.209000,0.000000
4.210000,0.000000
4.211000,0.000000
4.212000,0.000000
4.213000,0.000000
4.214000,0.000000
4.215000,0.000000
4.216000,0.000000
4.217000,0.000000
4.218000,0.000000
4.219000,0.000000
4.220000,0.000000
4.221000,0.000000
4.222000,0.000000
4.223000,0.000000
4.224000,0.000000
4.225000,0.000000
4.226000,0.000000
4.227000,0.000000
4.228000,0.000000
4.229000,0.000000
4.230000,0.000000
4.231000,0.000000
4.232000,0.000000
4.233000,0.000000
4.234000,0.000000
4.235000,0.000000
4.236000,0.000000
4.237000,0.000000
4.238000,0.000000
4.239000,0.000000
4.240000,0.000000
4.241000,0.000000
4.242000,0.000000
4.243000,0.000000
4.244000,0.000000
4.245000,0.000000
4.246000,0.000000
4.247000,0.000000
4.248000,0.000000
4.249000,0.000000
4.250000,0.000000
4.251000,0.000000
4.252000,0.000000
4.253000,0.000000
4.254000,0.000000
4.255000,0.000000
4.256000,0.000000
4.257000,0.000000
4.258000,0.000000
4.259000,0.000000
4.260000,0.000000
4.261000,0.000000
4.262000,0.000000
4.263000,0.000000
4.264000,0.000000
4.265000,0.000000
4.266000,0.000000
4.267000,0.000000
4.268000,0.000000
4.269000,0.000000
4.270000,0.000000
4.271000,0.000000
4.272000,0.000000
4.273000,0.000000
4.274000,0.000000
4.275000,0.000000
4.276000,0.000000
4.277000,0.000000
4.278000,0.000000
4.279000,0.000000
4.280000,0.000000
4.281000,0.000000
4.282000,0.000000
4.283000,0.000000
4.284000,0.000000
4.285000,0.000000
4.286000,0.000000
4.287000,0.000000
4.288000,0.000000
4.289000,0.000000
4.290000,0.000000
4.291000,0.000000
4.292000,0.000000
4.293000,0.000000
4.294000,0.000000
4.295000,0.000000
4.296000,0.000000
4.297000,0.000000
4.298000,0.000000
4.299000,0.000000
4.300000,0.000000
4.301000,0.000000
4.302000,0.000000
4.303000,0.000000
4.304000,0.000000
4.305000,0.000000
4.306000,0.000000
4.307000,0.000000
4.308000,0.000000
4.309000,0.000000
4.310000,0.000000
4.311000,0.000000
4.312000,0.000000
4.313000,0.000000
4.314000,0.000000
4.315000,0.000000
4.316000,0.000000
4.317000,0.000000
4.318000,0.000000
4.319000,0.000000
4.320000,0.000000
4.321000,0.000000
4.322000,0.000000
4.323000,0.000000
4.324000,0.000000
4.325000,0.000000
4.326000,0.000000
4.327000,0.000000
4.328000,0.000000
4.329000,0.000000
4.330000,0.000000
4.331000,0.000000
4.332000,0.000000
4.333000,0.000000
4.334000,0.000000
4.335000,0.000000
4.336000,0.000000
4.337000,0.000000
4.338000,0.000000
4.339000,0.000000
4.340000,0.000000
4.341000,0.000000
4.342000,0.000000
4.343000,0.000000
4.344000,0.000000
4.345000,0.000000
4.346000,0.000000
4.347000,0.000000
4.348000,0.000000
4.349000,0.000000
4.350000,0.000000
4.351000,0.000000
4.352000,0.000000
4.353000,0.000000
4.354000,0.000000
4.355000,0.000000
4.356000,0.000000
4.357000,0.000000
4.358000,0.000000
4.359000,0.000000
4.360000,0.000000
4.361000,0.000000
4.362000,0.000000
4.363000,0.000000
4.364000,0.000000
4.365000,0.000000
4.366000,0.000000
4.367000,0.000000
4.368000,0.000000
4.369000,0.000000
4.370000,0.000000
4.371000,0.000000
4.372000,0.000000
4.373000,0.000000
4.374000,0.000000
4.375000,0.000000
4.376000,0.000000
4.377000,0.000000
4.378000,0.000000
4.379000,0.000000
4.380000,0.000000
4.381000,0.000000
4.382000,0.000000
4.383000,0.000000
4.384000,0.000000
4.385000,0.000000
4.386000,0.000000
4.387000,0.000000
4.388000,0.000000
4.389000,0.000000
4.390000,0.000000
4.391000,0.000000
4.392000,0.000000
4.393000,0.000000
4.394000,0.000000
4.395000,0.000000
4.396000,0.000000
4.397000,0.000000
4.398000,0.000000
4.399000,0.000000
4.400000,0.000000
4.401000,0.000000
4.402000,0.000000
4.403000,0.000000
4.404000,0.000000
4.405000,0.000000
4.406000,0.000000
4.407000,0.000000
4.408000,0.000000
4.409000,0.000000
4.410000,0.000000
4.411000,0.000000
4.412000,0.000000
4.413000,0.000000
4.414000,0.000000
4.415000,0.000000
4.416000,0.000000
4.417000,0.000000
4.418000,0.000000
4.419000,0.000000
4.420000,0.000000
4.421000,0.000000
4.422000,0.000000
4.423000,0.000000
4.424000,0.000000
4.425000,0.000000
4.426000,0.000000
4.427000,0.000000
4.428000,0.000000
4.429000,0.000000
4.430000,0.000000
4.431000,0.000000
4.432000,0.000000
4.433000,0.000000
4.434000,0.000000
4.435000,0.000000
4.436000,0.000000
4.437000,0.000000
4.438000,0.000000
4.439000,0.000000
4.440000,0.000000
4.441000,0.000000
4.442000,0.000000
4.443000,0.000000
4.444000,0.000000
4.445000,0.000000
4.446000,0.000000
4.447000,0.000000
4.448000,0.000000
4.449000,0.000000
4.450000,0.000000
4.451000,0.000000
4.452000,0.000000
4.453000,0.000000
4.454000,0.000000
4.455000,0.000000
4.456000,0.000000
4.457000,0.000000
4.458000,0.000000
4.459000,0.000000
4.460000,0.000000
4.461000,0.000000
4.462000,0.000000
4.463000,0.000000
4.464000,0.000000
4.465000,0.000000
4.466000,0.000000
4.467000,0.000000
4.468000,0.000000
4.469000,0.000000
4.470000,0.000000
4.471000,0.000000
4.472000,0.000000
4.473000,0.000000
4.474000,0.000000
4.475000,0.000000
4.476000,0.000000
4.477000,0.000000
4.478000,0.000000
4.479000,0.000000
4.480000,0.000000
4.481000,0.000000
4.482000,0.000000
4.483000,0.000000
4.484000,0.000000
4.485000,0.000000
4.486000,0.000000
4.487000,0.000000
4.488000,0.000000
4.489000,0.000000
4.490000,0.000000
4.491000,0.000000
4.492000,0.000000
4.493000,0.000000
4.494000,0.000000
4.495000,0.000000
4.496000,0.000000
4.497000,0.000000
4.498000,0.000000
4.499000,0.000000
4.500000,0.000000
4.501000,0.000000
4.502000,0.000000
4.503000,0.000000
4.504000,0.000000
4.505000,0.000000
4.506000,0.000000
4.507000,0.000000
4.508000,0.000000
4.509000,0.000000
4.510000,0.000000
4.511000,0.000000
4.512000,0.000000
4.513000,0.000000
4.514000,0.000000
4.515000,0.000000
4.516000,0.000000
4.517000,0.000000
4.518000,0.000000
4.519000,0.000000
4.520000,0.000000
4.521000,0.000000
4.522000,0.000000
4.523000,0.000000
4.524000,0.000000
4.525000,0.000000
4.526000,0.000000
4.527000,0.000000
4.528000,0.000000
4.529000,0.000000
4.530000,0.000000
4.531000,0.000000
4.532000,0.000000
4.533000,0.000000
4.534000,0.000000
4.535000,0.000000
4.536000,0.000000
4.537000,0.000000
4.538000,0.000000
4.539000,0.000000
4.540000,0.000000
4.541000,0.000000
4.542000,0.000000
4.543000,0.000000
4.544000,0.000000
4.545000,0.000000
4.546000,0.000000
4.547000,0.000000
4.548000,0.000000
4.549000,0.000000
4.550000,0.000000
4.551000,0.000000
4.552000,0.000000
4.553000,0.000000
4.554000,0.000000
4.555000,0.000000
4.556000,0.000000
4.557000,0.000000
4.558000,0.000000
4.559000,0.000000
4.560000,0.000000
4.561000,0.000000
4.562000,0.000000
4.563000,0.000000
4.564000,0.000000
4.565000,0.000000
4.566000,0.000000
4.567000,0.000000
4.568000,0.000000
4.569000,0.000000
4.570000,0.000000
4.571000,0.000000
4.572000,0.000000
4.573000,0.000000
4.574000,0.000000
4.575000,0.000000
4.576000,0.000000
4.577000,0.000000
4.578000,0.000000
4.579000,0.000000
4.580000,0.000000
4.581000,0.000000
4.582000,0.000000
4.583000,0.000000
4.584000,0.000000
4.585000,0.000000
4.586000,0.000000
4.587000,0.000000
4.588000,0.000000
4.589000,0.000000
4.590000,0.000000
4.591000,0.000000
4.592000,0.000000
4.593000,0.000000
4.594000,0.000000
4.595000,0.000000
4.596000,0.000000
4.597000,0.000000
4.598000,0.000000
4.599000,0.000000
4.600000,0.000000
4.601000,0.000000
4.602000,0.000000
4.603000,0.000000
4.604000,0.000000
4.605000,0.000000
4.606000,0.000000
4.607000,0.000000
4.608000,0.000000
4.609000,0.000000
4.610000,0.000000
4.611000,0.000000
4.612000,0.000000
4.613000,0.000000
4.614000,0.000000
4.615000,0.000000
4.616000,0.000000
4.617000,0.000000
4.618000,0.000000
4.619000,0.000000
4.620000,0.000000
4.621000,0.000000
4.622000,0.000000
4.623000,0.000000
4.624000,0.000000
4.625000,0.000000
4.626000,0.000000
4.627000,0.000000
4.628000,0.000000
4.629000,0.000000
4.630000,0.000000
4.631000,0.000000
4.632000,0.000000
4.633000,0.000000
4.634000,0.000000
4.635000,0.000000
4.636000,0.000000
4.637000,0.000000
4.638000,0.000000
4.639000,0.000000
4.640000,0.000000
4.641000,0.000000
4.642000,0.000000
4.643000,0.000000
4.644000,0.000000
4.645000,0.000000
4.646000,0.000000
4.647000,0.000000
4.648000,0.000000
4.649000,0.000000
4.650000,0.000000
4.651000,0.000000
4.652000,0.000000
4.653000,0.000000
4.654000,0.000000
4.655000,0.000000
4.656000,0.000000
4.657000,0.000000
4.658000,0.000000
4.659000,0.000000
4.660000,0.000000
4.661000,0.000000
4.662000,0.000000
4.663000,0.000000
4.664000,0.000000
4.665000,0.000000
4.666000,0.000000
4.667000,0.000000
4.668000,0.000000
4.669000,0.000000
4.670000,0.000000
4.671000,0.000000
4.672000,0.000000
4.673000,0.000000
4.674000,0.000000
4.675000,0.000000
4.676000,0.000000
4.677000,0.000000
4.678000,0.000000
4.679000,0.000000
4.680000,0.000000
4.681000,0.000000
4.682000,0.000000
4.683000,0.000000
4.684000,0.000000
4.685000,0.000000
4.686000,0.000000
4.687000,0.000000
4.688000,0.000000
4.689000,0.000000
4.690000,0.000000
4.691000,0.000000
4.692000,0.000000
4.693000,0.000000
4.694000,0.000000
4.695000,0.000000
4.696000,0.000000
4.697000,0.000000
4.698000,0.000000
4.699000,0.000000
4.700000,0.000000
4.701000,0.000000
4.702000,0.000000
4.703000,0.000000
4.704000,0.000000
4.705000,0.000000
4.706000,0.000000
4.707000,0.000000
4.708000,0.000000
4.709000,0.000000
4.710000,0.000000
4.711000,0.000000
4.712000,0.000000
4.713000,0.000000
4.714000,0.000000
4.715000,0.000000
4.716000,0.000000
4.717000,0.000000
4.718000,0.000000
4.719000,0.000000
4.720000,0.000000
4.721000,0.000000
4.722000,0.000000
4.723000,0.000000
4.724000,0.000000
4.725000,0.000000
4.726000,0.000000
4.727000,0.000000
4.728000,0.000000
4.729000,0.000000
4.730000,0.000000
4.731000,0.000000
4.732000,0.000000
4.733000,0.000000
4.734000,0.000000
4.735000,0.000000
4.736000,0.000000
4.737000,0.000000
4.738000,0.000000
4.739000,0.000000
4.740000,0.000000
4.741000,0.000000
4.742000,0.000000
4.743000,0.000000
4.744000,0.000000
4.745000,0.000000
4.746000,0.000000
4.747000,0.000000
4.748000,0.000000
4.749000,0.000000
4.750000,0.000000
4.751000,0.000000
4.752000,0.000000
4.753000,0.000000
4.754000,0.000000
4.755000,0.000000
4.756000,0.000000
4.757000,0.000000
4.758000,0.000000
4.759000,0.000000
4.760000,0.000000
4.761000,0.000000
4.762000,0.000000
4.763000,0.000000
4.764000,0.000000
4.765000,0.000000
4.766000,0.000000
4.767000,0.000000
4.768000,0.000000
4.769000,0.000000
4.770000,0.000000
4.771000,0.000000
4.772000,0.000000
4.773000,0.000000
4.774000,0.000000
4.775000,0.000000
4.776000,0.000000
4.777000,0.000000
4.778000,0.000000
4.779000,0.000000
4.780000,0.000000
4.781000,0.000000
4.782000,0.000000
4.783000,0.000000
4.784000,0.000000
4.785000,0.000000
4.786000,0.000000
4.787000,0.000000
4.788000,0.000000
4.789000,0.000000
4.790000,0.000000
4.791000,0.000000
4.792000,0.000000
4.793000,0.000000
4.794000,0.000000
4.795000,0.000000
4.796000,0.000000
4.797000,0.000000
4.798000,0.000000
4.799000,0.000000
4.800000,0.000000
4.801000,0.000000
4.802000,0.000000
4.803000,0.000000
4.804000,0.000000
4.805000,0.000000
4.806000,0.000000
4.807000,0.000000
4.808000,0.000000
4.809000,0.000000
4.810000,0.000000
4.811000,0.000000
4.812000,0.000000
4.813000,0.000000
4.814000,0.000000
4.815000,0.000000
4.816000,0.000000
4.817000,0.000000
4.818000,0.000000
4.819000,0.000000
4.820000,0.000000
4.821000,0.000000
4.822000,0.000000
4.823000,0.000000
4.824000,0.000000
4.825000,0.000000
4.826000,0.000000
4.827000,0.000000
4.828000,0.000000
4.829000,0.000000
4.830000,0.000000
4.831000,0.000000
4.832000,0.000000
4.833000,0.000000
4.834000,0.000000
4.835000,0.000000
4.836000,0.000000
4.837000,0.000000
4.838000,0.000000
4.839000,0.000000
4.840000,0.000000
4.841000,0.000000
4.842000,0.000000
4.843000,0.000000
4.844000,0.000000
4.845000,0.000000
4.846000,0.000000
4.847000,0.000000
4.848000,0.000000
4.849000,0.000000
4.850000,0.000000
4.851000,0.000000
4.852000,0.000000
4.853000,0.000000
4.854000,0.000000
4.855000,0.000000
4.856000,0.000000
4.857000,0.000000
4.858000,0.000000
4.859000,0.000000
4.860000,0.000000
4.861000,0.000000
4.862000,0.000000
4.863000,0.000000
4.864000,0.000000
4.865000,0.000000
4.866000,0.000000
4.867000,0.000000
4.868000,0.000000
4.869000,0.000000
4.870000,0.000000
4.871000,0.000000
4.872000,0.000000
4.873000,0.000000
4.874000,0.000000
4.875000,0.000000
4.876000,0.000000
4.877000,0.000000
4.878000,0.000000
4.879000,0.000000
4.880000,0.000000
4.881000,0.000000
4.882000,0.000000
4.883000,0.000000
4.884000,0.000000
4.885000,0.000000
4.886000,0.000000
4.887000,0.000000
4.888000,0.000000
4.889000,0.000000
4.890000,0.000000
4.891000,0.000000
4.892000,0.000000
4.893000,0.000000
4.894000,0.000000
4.895000,0.000000
4.896000,0.000000
4.897000,0.000000
4.898000,0.000000
4.899000,0.000000
4.900000,0.000000
4.901000,0.000000
4.902000,0.000000
4.903000,0.000000
4.904000,0.000000
4.905000,0.000000
4.906000,0.000000
4.907000,0.000000
4.908000,0.000000
4.909000,0.000000
4.910000,0.000000
4.911000,0.000000
4.912000,0.000000
4.913000,0.000000
4.914000,0.000000
4.915000,0.000000
4.916000,0.000000
4.917000,0.000000
4.918000,0.000000
4.919000,0.000000
4.920000,0.000000
4.921000,0.000000
4.922000,0.000000
4.923000,0.000000
4.924000,0.000000
4.925000,0.000000
4.926000,0.000000
4.927000,0.000000
4.928000,0.000000
4.929000,0.000000
4.930000,0.000000
4.931000,0.000000
4.932000,0.000000
4.933000,0.000000
4.934000,0.000000
4.935000,0.000000
4.936000,0.000000
4.937000,0.000000
4.938000,0.000000
4.939000,0.000000
4.940000,0.000000
4.941000,0.000000
4.942000,0.000000
4.943000,0.000000
4.944000,0.000000
4.945000,0.000000
4.946000,0.000000
4.947000,0.000000
4.948000,0.000000
4.949000,0.000000
4.950000,0.000000
4.951000,0.000000
4.952000,0.000000
4.953000,0.000000
4.954000,0.000000
4.955000,0.000000
4.956000,0.000000
4.957000,0.000000
4.958000,0.000000
4.959000,0.000000
4.960000,0.000000
4.961000,0.000000
4.962000,0.000000
4.963000,0.000000
4.964000,0.000000
4.965000,0.000000
4.966000,0.000000
4.967000,0.000000
4.968000,0.000000
4.969000,0.000000
4.970000,0.000000
4.971000,0.000000
4.972000,0.000000
4.973000,0.000000
4.974000,0.000000
4.975000,0.000000
4.976000,0.000000
4.977000,0.000000
4.978000,0.000000
4.979000,0.000000
4.980000,0.000000
4.981000,0.000000
4.982000,0.000000
4.983000,0.000000
4.984000,0.000000
4.985000,0.000000
4.986000,0.000000
4.987000,0.000000
4.988000,0.000000
4.989000,0.000000
4.990000,0.000000
4.991000,0.000000
4.992000,0.000000
4.993000,0.000000
4.994000,0.000000
4.995000,0.000000
4.996000,0.000000
4.997000,0.000000
4.998000,0.000000
4.999000,0.000000