t(s) , h(t)(dm)
0.000000 , 0.000000
0.100000 , 0.001000
0.200000 , 0.001912
0.300000 , 0.002791
0.400000 , 0.003644
0.500000 , 0.004476
0.600000 , 0.005291
0.700000 , 0.006089
0.800000 , 0.006872
0.900000 , 0.007642
1.000000 , 0.008399
1.100000 , 0.009145
1.200000 , 0.009879
1.300000 , 0.010603
1.400000 , 0.011317
1.500000 , 0.012022
1.600000 , 0.012717
1.700000 , 0.013404
1.800000 , 0.014083
1.900000 , 0.014753
2.000000 , 0.015416
2.100000 , 0.016071
2.200000 , 0.016719
2.300000 , 0.017360
2.400000 , 0.017994
2.500000 , 0.018622
2.600000 , 0.019243
2.700000 , 0.019858
2.800000 , 0.020466
2.900000 , 0.021069
3.000000 , 0.021666
3.100000 , 0.022257
3.200000 , 0.022843
3.300000 , 0.023423
3.400000 , 0.023998
3.500000 , 0.024568
3.600000 , 0.025133
3.700000 , 0.025693
3.800000 , 0.026248
3.900000 , 0.026798
4.000000 , 0.027343
4.100000 , 0.027884
4.200000 , 0.028420
4.300000 , 0.028952
4.400000 , 0.029480
4.500000 , 0.030003
4.600000 , 0.030522
4.700000 , 0.031037
4.800000 , 0.031548
4.900000 , 0.032054
5.000000 , 0.032557
5.100000 , 0.033056
5.200000 , 0.033551
5.300000 , 0.034043
5.400000 , 0.034530
5.500000 , 0.035014
5.600000 , 0.035495
5.700000 , 0.035972
5.800000 , 0.036445
5.900000 , 0.036915
6.000000 , 0.037381
6.100000 , 0.037844
6.200000 , 0.038304
6.300000 , 0.038761
6.400000 , 0.039214
6.500000 , 0.039664
6.600000 , 0.040111
6.700000 , 0.040555
6.800000 , 0.040996
6.900000 , 0.041434
7.000000 , 0.041868
7.100000 , 0.042300
7.200000 , 0.042729
7.300000 , 0.043155
7.400000 , 0.043578
7.500000 , 0.043999
7.600000 , 0.044416
7.700000 , 0.044831
7.800000 , 0.045243
7.900000 , 0.045652
8.000000 , 0.046059
8.100000 , 0.046463
8.200000 , 0.046865
8.300000 , 0.047263
8.400000 , 0.047660
8.500000 , 0.048054
8.600000 , 0.048445
8.700000 , 0.048834
8.800000 , 0.049220
8.900000 , 0.049604
9.000000 , 0.049986
9.100000 , 0.050365
9.200000 , 0.050742
9.300000 , 0.051116
9.400000 , 0.051488
9.500000 , 0.051858
9.600000 , 0.052226
9.700000 , 0.052591
9.800000 , 0.052954
9.900000 , 0.053315
10.000000 , 0.053674
10.100000 , 0.054031
10.200000 , 0.054386
10.300000 , 0.054738
10.400000 , 0.055088
10.500000 , 0.055437
10.600000 , 0.055783
10.700000 , 0.056127
10.800000 , 0.056469
10.900000 , 0.056809
11.000000 , 0.057147
11.100000 , 0.057484
11.200000 , 0.057818
11.300000 , 0.058150
11.400000 , 0.058481
11.500000 , 0.058809
11.600000 , 0.059136
11.700000 , 0.059460
11.800000 , 0.059783
11.900000 , 0.060104
12.000000 , 0.060424
12.100000 , 0.060741
12.200000 , 0.061057
12.300000 , 0.061370
12.400000 , 0.061683
12.500000 , 0.061993
12.600000 , 0.062302
12.700000 , 0.062608
12.800000 , 0.062914
12.900000 , 0.063217
13.000000 , 0.063519
13.100000 , 0.063819
13.200000 , 0.064118
13.300000 , 0.064415
13.400000 , 0.064710
13.500000 , 0.065003
13.600000 , 0.065295
13.700000 , 0.065586
13.800000 , 0.065875
13.900000 , 0.066162
14.000000 , 0.066448
14.100000 , 0.066732
14.200000 , 0.067015
14.300000 , 0.067296
14.400000 , 0.067576
14.500000 , 0.067854
14.600000 , 0.068130
14.700000 , 0.068406
14.800000 , 0.068679
14.900000 , 0.068952
15.000000 , 0.069222
15.100000 , 0.069492
15.200000 , 0.069760
15.300000 , 0.070026
15.400000 , 0.070292
15.500000 , 0.070555
15.600000 , 0.070818
15.700000 , 0.071079
15.800000 , 0.071339
15.900000 , 0.071597
16.000000 , 0.071854
16.100000 , 0.072110
16.200000 , 0.072364
16.300000 , 0.072617
16.400000 , 0.072869
16.500000 , 0.073119
16.600000 , 0.073368
16.700000 , 0.073616
16.800000 , 0.073863
16.900000 , 0.074108
17.000000 , 0.074352
17.100000 , 0.074595
17.200000 , 0.074837
17.300000 , 0.075077
17.400000 , 0.075316
17.500000 , 0.075554
17.600000 , 0.075791
17.700000 , 0.076026
17.800000 , 0.076261
17.900000 , 0.076494
18.000000 , 0.076726
18.100000 , 0.076957
18.200000 , 0.077186
18.300000 , 0.077415
18.400000 , 0.077642
18.500000 , 0.077869
18.600000 , 0.078094
18.700000 , 0.078318
18.800000 , 0.078541
18.900000 , 0.078762
19.000000 , 0.078983
19.100000 , 0.079203
19.200000 , 0.079421
19.300000 , 0.079639
19.400000 , 0.079855
19.500000 , 0.080070
19.600000 , 0.080285
19.700000 , 0.080498
19.800000 , 0.080710
19.900000 , 0.080921
20.000000 , 0.081131
20.100000 , 0.081340
20.200000 , 0.081548
20.300000 , 0.081755
20.400000 , 0.081961
20.500000 , 0.082166
20.600000 , 0.082370
20.700000 , 0.082574
20.800000 , 0.082776
20.900000 , 0.082977
21.000000 , 0.083177
21.100000 , 0.083376
21.200000 , 0.083574
21.300000 , 0.083771
21.400000 , 0.083968
21.500000 , 0.084163
21.600000 , 0.084357
21.700000 , 0.084551
21.800000 , 0.084744
21.900000 , 0.084935
22.000000 , 0.085126
22.100000 , 0.085316
22.200000 , 0.085505
22.300000 , 0.085693
22.400000 , 0.085880
22.500000 , 0.086066
22.600000 , 0.086251
22.700000 , 0.086436
22.800000 , 0.086620
22.900000 , 0.086802
23.000000 , 0.086984
23.100000 , 0.087165
23.200000 , 0.087345
23.300000 , 0.087525
23.400000 , 0.087703
23.500000 , 0.087881
23.600000 , 0.088058
23.700000 , 0.088234
23.800000 , 0.088409
23.900000 , 0.088583
24.000000 , 0.088757
24.100000 , 0.088930
24.200000 , 0.089102
24.300000 , 0.089273
24.400000 , 0.089443
24.500000 , 0.089613
24.600000 , 0.089781
24.700000 , 0.089949
24.800000 , 0.090116
24.900000 , 0.090283
25.000000 , 0.090449
25.100000 , 0.090613
25.200000 , 0.090778
25.300000 , 0.090941
25.400000 , 0.091104
25.500000 , 0.091265
25.600000 , 0.091427
25.700000 , 0.091587
25.800000 , 0.091747
25.900000 , 0.091905
26.000000 , 0.092064
26.100000 , 0.092221
26.200000 , 0.092378
26.300000 , 0.092534
26.400000 , 0.092689
26.500000 , 0.092844
26.600000 , 0.092998
26.700000 , 0.093151
26.800000 , 0.093303
26.900000 , 0.093455
27.000000 , 0.093606
27.100000 , 0.093757
27.200000 , 0.093907
27.300000 , 0.094056
27.400000 , 0.094204
27.500000 , 0.094352
27.600000 , 0.094499
27.700000 , 0.094645
27.800000 , 0.094791
27.900000 , 0.094936
28.000000 , 0.095080
28.100000 , 0.095224
28.200000 , 0.095367
28.300000 , 0.095510
28.400000 , 0.095652
28.500000 , 0.095793
28.600000 , 0.095933
28.700000 , 0.096073
28.800000 , 0.096213
28.900000 , 0.096351
29.000000 , 0.096489
29.100000 , 0.096627
29.200000 , 0.096764
29.300000 , 0.096900
29.400000 , 0.097035
29.500000 , 0.097170
29.600000 , 0.097305
29.700000 , 0.097439
29.800000 , 0.097572
29.900000 , 0.097705
30.000000 , 0.097837
30.100000 , 0.097968
30.200000 , 0.098099
30.300000 , 0.098229
30.400000 , 0.098359
30.500000 , 0.098488
30.600000 , 0.098617
30.700000 , 0.098745
30.800000 , 0.098872
30.900000 , 0.098999
31.000000 , 0.099125
31.100000 , 0.099251
31.200000 , 0.099376
31.300000 , 0.099501
31.400000 , 0.099625
31.500000 , 0.099748
31.600000 , 0.099871
31.700000 , 0.099994
31.800000 , 0.100116
31.900000 , 0.100237
32.000000 , 0.100358
32.100000 , 0.100478
32.200000 , 0.100598
32.300000 , 0.100717
32.400000 , 0.100836
32.500000 , 0.100954
32.600000 , 0.101072
32.700000 , 0.101189
32.800000 , 0.101306
32.900000 , 0.101422
33.000000 , 0.101538
33.100000 , 0.101653
33.200000 , 0.101768
33.300000 , 0.101882
33.400000 , 0.101996
33.500000 , 0.102109
33.600000 , 0.102221
33.700000 , 0.102334
33.800000 , 0.102445
33.900000 , 0.102557
34.000000 , 0.102667
34.100000 , 0.102778
34.200000 , 0.102887
34.300000 , 0.102997
34.400000 , 0.103106
34.500000 , 0.103214
34.600000 , 0.103322
34.700000 , 0.103429
34.800000 , 0.103536
34.900000 , 0.103643
35.000000 , 0.103749
35.100000 , 0.103854
35.200000 , 0.103959
35.300000 , 0.104064
35.400000 , 0.104168
35.500000 , 0.104272
35.600000 , 0.104376
35.700000 , 0.104478
35.800000 , 0.104581
35.900000 , 0.104683
36.000000 , 0.104784
36.100000 , 0.104886
36.200000 , 0.104986
36.300000 , 0.105087
36.400000 , 0.105186
36.500000 , 0.105286
36.600000 , 0.105385
36.700000 , 0.105483
36.800000 , 0.105582
36.900000 , 0.105679
37.000000 , 0.105777
37.100000 , 0.105873
37.200000 , 0.105970
37.300000 , 0.106066
37.400000 , 0.106162
37.500000 , 0.106257
37.600000 , 0.106352
37.700000 , 0.106446
37.800000 , 0.106540
37.900000 , 0.106634
38.000000 , 0.106727
38.100000 , 0.106820
38.200000 , 0.106912
38.300000 , 0.107004
38.400000 , 0.107096
38.500000 , 0.107187
38.600000 , 0.107278
38.700000 , 0.107369
38.800000 , 0.107459
38.900000 , 0.107549
39.000000 , 0.107638
39.100000 , 0.107727
39.200000 , 0.107816
39.300000 , 0.107904
39.400000 , 0.107992
39.500000 , 0.108079
39.600000 , 0.108166
39.700000 , 0.108253
39.800000 , 0.108339
39.900000 , 0.108425
40.000000 , 0.108511
40.100000 , 0.108596
40.200000 , 0.108681
40.300000 , 0.108766
40.400000 , 0.108850
40.500000 , 0.108934
40.600000 , 0.109017
40.700000 , 0.109101
40.800000 , 0.109183
40.900000 , 0.109266
41.000000 , 0.109348
41.100000 , 0.109430
41.200000 , 0.109511
41.300000 , 0.109592
41.400000 , 0.109673
41.500000 , 0.109753
41.600000 , 0.109834
41.700000 , 0.109913
41.800000 , 0.109993
41.900000 , 0.110072
42.000000 , 0.110150
42.100000 , 0.110229
42.200000 , 0.110307
42.300000 , 0.110385
42.400000 , 0.110462
42.500000 , 0.110539
42.600000 , 0.110616
42.700000 , 0.110693
42.800000 , 0.110769
42.900000 , 0.110844
43.000000 , 0.110920
43.100000 , 0.110995
43.200000 , 0.111070
43.300000 , 0.111145
43.400000 , 0.111219
43.500000 , 0.111293
43.600000 , 0.111367
43.700000 , 0.111440
43.800000 , 0.111513
43.900000 , 0.111586
44.000000 , 0.111658
44.100000 , 0.111730
44.200000 , 0.111802
44.300000 , 0.111874
44.400000 , 0.111945
44.500000 , 0.112016
44.600000 , 0.112086
44.700000 , 0.112157
44.800000 , 0.112227
44.900000 , 0.112296
45.000000 , 0.112366
45.100000 , 0.112435
45.200000 , 0.112504
45.300000 , 0.112573
45.400000 , 0.112641
45.500000 , 0.112709
45.600000 , 0.112777
45.700000 , 0.112844
45.800000 , 0.112911
45.900000 , 0.112978
46.000000 , 0.113045
46.100000 , 0.113111
46.200000 , 0.113178
46.300000 , 0.113243
46.400000 , 0.113309
46.500000 , 0.113374
46.600000 , 0.113439
46.700000 , 0.113504
46.800000 , 0.113569
46.900000 , 0.113633
47.000000 , 0.113697
47.100000 , 0.113760
47.200000 , 0.113824
47.300000 , 0.113887
47.400000 , 0.113950
47.500000 , 0.114013
47.600000 , 0.114075
47.700000 , 0.114137
47.800000 , 0.114199
47.900000 , 0.114261
48.000000 , 0.114322
48.100000 , 0.114383
48.200000 , 0.114444
48.300000 , 0.114505
48.400000 , 0.114565
48.500000 , 0.114625
48.600000 , 0.114685
48.700000 , 0.114745
48.800000 , 0.114804
48.900000 , 0.114863
49.000000 , 0.114922
49.100000 , 0.114981
49.200000 , 0.115039
49.300000 , 0.115097
49.400000 , 0.115155
49.500000 , 0.115213
49.600000 , 0.115270
49.700000 , 0.115328
49.800000 , 0.115385
49.900000 , 0.115441
50.000000 , 0.115498
50.100000 , 0.115554
50.200000 , 0.115610
50.300000 , 0.115666
50.400000 , 0.115722
50.500000 , 0.115777
50.600000 , 0.115832
50.700000 , 0.115887
50.800000 , 0.115942
50.900000 , 0.115996
51.000000 , 0.116051
51.100000 , 0.116105
51.200000 , 0.116159
51.300000 , 0.116212
51.400000 , 0.116266
51.500000 , 0.116319
51.600000 , 0.116372
51.700000 , 0.116424
51.800000 , 0.116477
51.900000 , 0.116529
52.000000 , 0.116581
52.100000 , 0.116633
52.200000 , 0.116685
52.300000 , 0.116736
52.400000 , 0.116788
52.500000 , 0.116839
52.600000 , 0.116890
52.700000 , 0.116940
52.800000 , 0.116991
52.900000 , 0.117041
53.000000 , 0.117091
53.100000 , 0.117141
53.200000 , 0.117190
53.300000 , 0.117240
53.400000 , 0.117289
53.500000 , 0.117338
53.600000 , 0.117387
53.700000 , 0.117435
53.800000 , 0.117484
53.900000 , 0.117532
54.000000 , 0.117580
54.100000 , 0.117628
54.200000 , 0.117676
54.300000 , 0.117723
54.400000 , 0.117770
54.500000 , 0.117817
54.600000 , 0.117864
54.700000 , 0.117911
54.800000 , 0.117957
54.900000 , 0.118004
55.000000 , 0.118050
55.100000 , 0.118096
55.200000 , 0.118142
55.300000 , 0.118187
55.400000 , 0.118232
55.500000 , 0.118278
55.600000 , 0.118323
55.700000 , 0.118368
55.800000 , 0.118412
55.900000 , 0.118457
56.000000 , 0.118501
56.100000 , 0.118545
56.200000 , 0.118589
56.300000 , 0.118633
56.400000 , 0.118676
56.500000 , 0.118720
56.600000 , 0.118763
56.700000 , 0.118806
56.800000 , 0.118849
56.900000 , 0.118892
57.000000 , 0.118934
57.100000 , 0.118977
57.200000 , 0.119019
57.300000 , 0.119061
57.400000 , 0.119103
57.500000 , 0.119144
57.600000 , 0.119186
57.700000 , 0.119227
57.800000 , 0.119268
57.900000 , 0.119309
58.000000 , 0.119350
58.100000 , 0.119391
58.200000 , 0.119431
58.300000 , 0.119472
58.400000 , 0.119512
58.500000 , 0.119552
58.600000 , 0.119592
58.700000 , 0.119632
58.800000 , 0.119671
58.900000 , 0.119711
59.000000 , 0.119750
59.100000 , 0.119789
59.200000 , 0.119828
59.300000 , 0.119867
59.400000 , 0.119905
59.500000 , 0.119944
59.600000 , 0.119982
59.700000 , 0.120020
59.800000 , 0.120058
59.900000 , 0.120096
60.000000 , 0.120134
60.100000 , 0.120171
60.200000 , 0.120209
60.300000 , 0.120246
60.400000 , 0.120283
60.500000 , 0.120320
60.600000 , 0.120357
60.700000 , 0.120394
60.800000 , 0.120430
60.900000 , 0.120466
61.000000 , 0.120503
61.100000 , 0.120539
61.200000 , 0.120575
61.300000 , 0.120610
61.400000 , 0.120646
61.500000 , 0.120682
61.600000 , 0.120717
61.700000 , 0.120752
61.800000 , 0.120787
61.900000 , 0.120822
62.000000 , 0.120857
62.100000 , 0.120892
62.200000 , 0.120926
62.300000 , 0.120961
62.400000 , 0.120995
62.500000 , 0.121029
62.600000 , 0.121063
62.700000 , 0.121097
62.800000 , 0.121130
62.900000 , 0.121164
63.000000 , 0.121197
63.100000 , 0.121231
63.200000 , 0.121264
63.300000 , 0.121297
63.400000 , 0.121330
63.500000 , 0.121363
63.600000 , 0.121395
63.700000 , 0.121428
63.800000 , 0.121460
63.900000 , 0.121492
64.000000 , 0.121525
64.100000 , 0.121557
64.200000 , 0.121588
64.300000 , 0.121620
64.400000 , 0.121652
64.500000 , 0.121683
64.600000 , 0.121715
64.700000 , 0.121746
64.800000 , 0.121777
64.900000 , 0.121808
65.000000 , 0.121839
65.100000 , 0.121870
65.200000 , 0.121900
65.300000 , 0.121931
65.400000 , 0.121961
65.500000 , 0.121991
65.600000 , 0.122021
65.700000 , 0.122051
65.800000 , 0.122081
65.900000 , 0.122111
66.000000 , 0.122141
66.100000 , 0.122170
66.200000 , 0.122200
66.300000 , 0.122229
66.400000 , 0.122258
66.500000 , 0.122287
66.600000 , 0.122316
66.700000 , 0.122345
66.800000 , 0.122374
66.900000 , 0.122403
67.000000 , 0.122431
67.100000 , 0.122459
67.200000 , 0.122488
67.300000 , 0.122516
67.400000 , 0.122544
67.500000 , 0.122572
67.600000 , 0.122600
67.700000 , 0.122627
67.800000 , 0.122655
67.900000 , 0.122683
68.000000 , 0.122710
68.100000 , 0.122737
68.200000 , 0.122764
68.300000 , 0.122792
68.400000 , 0.122818
68.500000 , 0.122845
68.600000 , 0.122872
68.700000 , 0.122899
68.800000 , 0.122925
68.900000 , 0.122952
69.000000 , 0.122978
69.100000 , 0.123004
69.200000 , 0.123030
69.300000 , 0.123056
69.400000 , 0.123082
69.500000 , 0.123108
69.600000 , 0.123134
69.700000 , 0.123159
69.800000 , 0.123185
69.900000 , 0.123210
70.000000 , 0.123236
70.100000 , 0.123261
70.200000 , 0.123286
70.300000 , 0.123311
70.400000 , 0.123336
70.500000 , 0.123361
70.600000 , 0.123385
70.700000 , 0.123410
70.800000 , 0.123435
70.900000 , 0.123459
71.000000 , 0.123483
71.100000 , 0.123508
71.200000 , 0.123532
71.300000 , 0.123556
71.400000 , 0.123580
71.500000 , 0.123603
71.600000 , 0.123627
71.700000 , 0.123651
71.800000 , 0.123674
71.900000 , 0.123698
72.000000 , 0.123721
72.100000 , 0.123745
72.200000 , 0.123768
72.300000 , 0.123791
72.400000 , 0.123814
72.500000 , 0.123837
72.600000 , 0.123860
72.700000 , 0.123882
72.800000 , 0.123905
72.900000 , 0.123928
73.000000 , 0.123950
73.100000 , 0.123972
73.200000 , 0.123995
73.300000 , 0.124017
73.400000 , 0.124039
73.500000 , 0.124061
73.600000 , 0.124083
73.700000 , 0.124105
73.800000 , 0.124127
73.900000 , 0.124148
74.000000 , 0.124170
74.100000 , 0.124191
74.200000 , 0.124213
74.300000 , 0.124234
74.400000 , 0.124256
74.500000 , 0.124277
74.600000 , 0.124298
74.700000 , 0.124319
74.800000 , 0.124340
74.900000 , 0.124361
75.000000 , 0.124381
75.100000 , 0.124402
75.200000 , 0.124423
75.300000 , 0.124443
75.400000 , 0.124464
75.500000 , 0.124484
75.600000 , 0.124504
75.700000 , 0.124524
75.800000 , 0.124545
75.900000 , 0.124565
76.000000 , 0.124585
76.100000 , 0.124604
76.200000 , 0.124624
76.300000 , 0.124644
76.400000 , 0.124664
76.500000 , 0.124683
76.600000 , 0.124703
76.700000 , 0.124722
76.800000 , 0.124741
76.900000 , 0.124761
77.000000 , 0.124780
77.100000 , 0.124799
77.200000 , 0.124818
77.300000 , 0.124837
77.400000 , 0.124856
77.500000 , 0.124875
77.600000 , 0.124894
77.700000 , 0.124912
77.800000 , 0.124931
77.900000 , 0.124949
78.000000 , 0.124968
78.100000 , 0.124986
78.200000 , 0.125004
78.300000 , 0.125023
78.400000 , 0.125041
78.500000 , 0.125059
78.600000 , 0.125077
78.700000 , 0.125095
78.800000 , 0.125113
78.900000 , 0.125131
79.000000 , 0.125148
79.100000 , 0.125166
79.200000 , 0.125184
79.300000 , 0.125201
79.400000 , 0.125219
79.500000 , 0.125236
79.600000 , 0.125253
79.700000 , 0.125271
79.800000 , 0.125288
79.900000 , 0.125305
80.000000 , 0.125322
80.100000 , 0.125339
80.200000 , 0.125356
80.300000 , 0.125373
80.400000 , 0.125390
80.500000 , 0.125406
80.600000 , 0.125423
80.700000 , 0.125439
80.800000 , 0.125456
80.900000 , 0.125472
81.000000 , 0.125489
81.100000 , 0.125505
81.200000 , 0.125521
81.300000 , 0.125538
81.400000 , 0.125554
81.500000 , 0.125570
81.600000 , 0.125586
81.700000 , 0.125602
81.800000 , 0.125618
81.900000 , 0.125634
82.000000 , 0.125649
82.100000 , 0.125665
82.200000 , 0.125681
82.300000 , 0.125696
82.400000 , 0.125712
82.500000 , 0.125727
82.600000 , 0.125743
82.700000 , 0.125758
82.800000 , 0.125773
82.900000 , 0.125789
83.000000 , 0.125804
83.100000 , 0.125819
83.200000 , 0.125834
83.300000 , 0.125849
83.400000 , 0.125864
83.500000 , 0.125879
83.600000 , 0.125893
83.700000 , 0.125908
83.800000 , 0.125923
83.900000 , 0.125937
84.000000 , 0.125952
84.100000 , 0.125967
84.200000 , 0.125981
84.300000 , 0.125995
84.400000 , 0.126010
84.500000 , 0.126024
84.600000 , 0.126038
84.700000 , 0.126053
84.800000 , 0.126067
84.900000 , 0.126081
85.000000 , 0.126095
85.100000 , 0.126109
85.200000 , 0.126123
85.300000 , 0.126136
85.400000 , 0.126150
85.500000 , 0.126164
85.600000 , 0.126178
85.700000 , 0.126191
85.800000 , 0.126205
85.900000 , 0.126218
86.000000 , 0.126232
86.100000 , 0.126245
86.200000 , 0.126259
86.300000 , 0.126272
86.400000 , 0.126285
86.500000 , 0.126299
86.600000 , 0.126312
86.700000 , 0.126325
86.800000 , 0.126338
86.900000 , 0.126351
87.000000 , 0.126364
87.100000 , 0.126377
87.200000 , 0.126390
87.300000 , 0.126402
87.400000 , 0.126415
87.500000 , 0.126428
87.600000 , 0.126441
87.700000 , 0.126453
87.800000 , 0.126466
87.900000 , 0.126478
88.000000 , 0.126491
88.100000 , 0.126503
88.200000 , 0.126516
88.300000 , 0.126528
88.400000 , 0.126540
88.500000 , 0.126552
88.600000 , 0.126565
88.700000 , 0.126577
88.800000 , 0.126589
88.900000 , 0.126601
89.000000 , 0.126613
89.100000 , 0.126625
89.200000 , 0.126637
89.300000 , 0.126648
89.400000 , 0.126660
89.500000 , 0.126672
89.600000 , 0.126684
89.700000 , 0.126695
89.800000 , 0.126707
89.900000 , 0.126719
90.000000 , 0.126730
90.100000 , 0.126742
90.200000 , 0.126753
90.300000 , 0.126764
90.400000 , 0.126776
90.500000 , 0.126787
90.600000 , 0.126798
90.700000 , 0.126809
90.800000 , 0.126821
90.900000 , 0.126832
91.000000 , 0.126843
91.100000 , 0.126854
91.200000 , 0.126865
91.300000 , 0.126876
91.400000 , 0.126887
91.500000 , 0.126898
91.600000 , 0.126908
91.700000 , 0.126919
91.800000 , 0.126930
91.900000 , 0.126941
92.000000 , 0.126951
92.100000 , 0.126962
92.200000 , 0.126973
92.300000 , 0.126983
92.400000 , 0.126994
92.500000 , 0.127004
92.600000 , 0.127014
92.700000 , 0.127025
92.800000 , 0.127035
92.900000 , 0.127045
93.000000 , 0.127056
93.100000 , 0.127066
93.200000 , 0.127076
93.300000 , 0.127086
93.400000 , 0.127096
93.500000 , 0.127106
93.600000 , 0.127116
93.700000 , 0.127126
93.800000 , 0.127136
93.900000 , 0.127146
94.000000 , 0.127156
94.100000 , 0.127166
94.200000 , 0.127176
94.300000 , 0.127185
94.400000 , 0.127195
94.500000 , 0.127205
94.600000 , 0.127214
94.700000 , 0.127224
94.800000 , 0.127234
94.900000 , 0.127243
95.000000 , 0.127253
95.100000 , 0.127262
95.200000 , 0.127271
95.300000 , 0.127281
95.400000 , 0.127290
95.500000 , 0.127299
95.600000 , 0.127309
95.700000 , 0.127318
95.800000 , 0.127327
95.900000 , 0.127336
96.000000 , 0.127345
96.100000 , 0.127354
96.200000 , 0.127364
96.300000 , 0.127373
96.400000 , 0.127382
96.500000 , 0.127390
96.600000 , 0.127399
96.700000 , 0.127408
96.800000 , 0.127417
96.900000 , 0.127426
97.000000 , 0.127435
97.100000 , 0.127443
97.200000 , 0.127452
97.300000 , 0.127461
97.400000 , 0.127469
97.500000 , 0.127478
97.600000 , 0.127487
97.700000 , 0.127495
97.800000 , 0.127504
97.900000 , 0.127512
98.000000 , 0.127521
98.100000 , 0.127529
98.200000 , 0.127537
98.300000 , 0.127546
98.400000 , 0.127554
98.500000 , 0.127562
98.600000 , 0.127570
98.700000 , 0.127579
98.800000 , 0.127587
98.900000 , 0.127595
99.000000 , 0.127603
99.100000 , 0.127611
99.200000 , 0.127619
99.300000 , 0.127627
99.400000 , 0.127635
99.500000 , 0.127643
99.600000 , 0.127651
99.700000 , 0.127659
99.800000 , 0.127667
99.900000 , 0.127675
100.000000 , 0.127683
100.100000 , 0.127690
100.200000 , 0.127698
100.300000 , 0.127706
100.400000 , 0.127713
100.500000 , 0.127721
100.600000 , 0.127729
100.700000 , 0.127736
100.800000 , 0.127744
100.900000 , 0.127751
101.000000 , 0.127759
101.100000 , 0.127766
101.200000 , 0.127774
101.300000 , 0.127781
101.400000 , 0.127789
101.500000 , 0.127796
101.600000 , 0.127803
101.700000 , 0.127811
101.800000 , 0.127818
101.900000 , 0.127825
102.000000 , 0.127832
102.100000 , 0.127840
102.200000 , 0.127847
102.300000 , 0.127854
102.400000 , 0.127861
102.500000 , 0.127868
102.600000 , 0.127875
102.700000 , 0.127882
102.800000 , 0.127889
102.900000 , 0.127896
103.000000 , 0.127903
103.100000 , 0.127910
103.200000 , 0.127917
103.300000 , 0.127924
103.400000 , 0.127931
103.500000 , 0.127937
103.600000 , 0.127944
103.700000 , 0.127951
103.800000 , 0.127958
103.900000 , 0.127964
104.000000 , 0.127971
104.100000 , 0.127978
104.200000 , 0.127984
104.300000 , 0.127991
104.400000 , 0.127998
104.500000 , 0.128004
104.600000 , 0.128011
104.700000 , 0.128017
104.800000 , 0.128024
104.900000 , 0.128030
105.000000 , 0.128036
105.100000 , 0.128043
105.200000 , 0.128049
105.300000 , 0.128056
105.400000 , 0.128062
105.500000 , 0.128068
105.600000 , 0.128074
105.700000 , 0.128081
105.800000 , 0.128087
105.900000 , 0.128093
106.000000 , 0.128099
106.100000 , 0.128106
106.200000 , 0.128112
106.300000 , 0.128118
106.400000 , 0.128124
106.500000 , 0.128130
106.600000 , 0.128136
106.700000 , 0.128142
106.800000 , 0.128148
106.900000 , 0.128154
107.000000 , 0.128160
107.100000 , 0.128166
107.200000 , 0.128172
107.300000 , 0.128178
107.400000 , 0.128183
107.500000 , 0.128189
107.600000 , 0.128195
107.700000 , 0.128201
107.800000 , 0.128207
107.900000 , 0.128212
108.000000 , 0.128218
108.100000 , 0.128224
108.200000 , 0.128229
108.300000 , 0.128235
108.400000 , 0.128241
108.500000 , 0.128246
108.600000 , 0.128252
108.700000 , 0.128257
108.800000 , 0.128263
108.900000 , 0.128269
109.000000 , 0.128274
109.100000 , 0.128279
109.200000 , 0.128285
109.300000 , 0.128290
109.400000 , 0.128296
109.500000 , 0.128301
109.600000 , 0.128307
109.700000 , 0.128312
109.800000 , 0.128317
109.900000 , 0.128323
110.000000 , 0.128328
110.100000 , 0.128333
110.200000 , 0.128338
110.300000 , 0.128344
110.400000 , 0.128349
110.500000 , 0.128354
110.600000 , 0.128359
110.700000 , 0.128364
110.800000 , 0.128369
110.900000 , 0.128375
111.000000 , 0.128380
111.100000 , 0.128385
111.200000 , 0.128390
111.300000 , 0.128395
111.400000 , 0.128400
111.500000 , 0.128405
111.600000 , 0.128410
111.700000 , 0.128415
111.800000 , 0.128420
111.900000 , 0.128425
112.000000 , 0.128429
112.100000 , 0.128434
112.200000 , 0.128439
112.300000 , 0.128444
112.400000 , 0.128449
112.500000 , 0.128454
112.600000 , 0.128458
112.700000 , 0.128463
112.800000 , 0.128468
112.900000 , 0.128473
113.000000 , 0.128477
113.100000 , 0.128482
113.200000 , 0.128487
113.300000 , 0.128491
113.400000 , 0.128496
113.500000 , 0.128501
113.600000 , 0.128505
113.700000 , 0.128510
113.800000 , 0.128514
113.900000 , 0.128519
114.000000 , 0.128523
114.100000 , 0.128528
114.200000 , 0.128532
114.300000 , 0.128537
114.400000 , 0.128541
114.500000 , 0.128546
114.600000 , 0.128550
114.700000 , 0.128555
114.800000 , 0.128559
114.900000 , 0.128563
115.000000 , 0.128568
115.100000 , 0.128572
115.200000 , 0.128576
115.300000 , 0.128581
115.400000 , 0.128585
115.500000 , 0.128589
115.600000 , 0.128594
115.700000 , 0.128598
115.800000 , 0.128602
115.900000 , 0.128606
116.000000 , 0.128610
116.100000 , 0.128615
116.200000 , 0.128619
116.300000 , 0.128623
116.400000 , 0.128627
116.500000 , 0.128631
116.600000 , 0.128635
116.700000 , 0.128639
116.800000 , 0.128643
116.900000 , 0.128647
117.000000 , 0.128651
117.100000 , 0.128655
117.200000 , 0.128659
117.300000 , 0.128663
117.400000 , 0.128667
117.500000 , 0.128671
117.600000 , 0.128675
117.700000 , 0.128679
117.800000 , 0.128683
117.900000 , 0.128687
118.000000 , 0.128691
118.100000 , 0.128695
118.200000 , 0.128699
118.300000 , 0.128702
118.400000 , 0.128706
118.500000 , 0.128710
118.600000 , 0.128714
118.700000 , 0.128718
118.800000 , 0.128721
118.900000 , 0.128725
119.000000 , 0.128729
119.100000 , 0.128733
119.200000 , 0.128736
119.300000 , 0.128740
119.400000 , 0.128744
119.500000 , 0.128747
119.600000 , 0.128751
119.700000 , 0.128755
119.800000 , 0.128758
119.900000 , 0.128762
120.000000 , 0.128765
120.100000 , 0.128769
120.200000 , 0.128773
120.300000 , 0.128776
120.400000 , 0.128780
120.500000 , 0.128783
120.600000 , 0.128787
120.700000 , 0.128790
120.800000 , 0.128794
120.900000 , 0.128797
121.000000 , 0.128801
121.100000 , 0.128804
121.200000 , 0.128807
121.300000 , 0.128811
121.400000 , 0.128814
121.500000 , 0.128818
121.600000 , 0.128821
121.700000 , 0.128824
121.800000 , 0.128828
121.900000 , 0.128831
122.000000 , 0.128834
122.100000 , 0.128838
122.200000 , 0.128841
122.300000 , 0.128844
122.400000 , 0.128848
122.500000 , 0.128851
122.600000 , 0.128854
122.700000 , 0.128857
122.800000 , 0.128860
122.900000 , 0.128864
123.000000 , 0.128867
123.100000 , 0.128870
123.200000 , 0.128873
123.300000 , 0.128876
123.400000 , 0.128880
123.500000 , 0.128883
123.600000 , 0.128886
123.700000 , 0.128889
123.800000 , 0.128892
123.900000 , 0.128895
124.000000 , 0.128898
124.100000 , 0.128901
124.200000 , 0.128904
124.300000 , 0.128907
124.400000 , 0.128910
124.500000 , 0.128913
124.600000 , 0.128916
124.700000 , 0.128919
124.800000 , 0.128922
124.900000 , 0.128925
125.000000 , 0.128928
125.100000 , 0.128931
125.200000 , 0.128934
125.300000 , 0.128937
125.400000 , 0.128940
125.500000 , 0.128943
125.600000 , 0.128946
125.700000 , 0.128949
125.800000 , 0.128952
125.900000 , 0.128954
126.000000 , 0.128957
126.100000 , 0.128960
126.200000 , 0.128963
126.300000 , 0.128966
126.400000 , 0.128968
126.500000 , 0.128971
126.600000 , 0.128974
126.700000 , 0.128977
126.800000 , 0.128980
126.900000 , 0.128982
127.000000 , 0.128985
127.100000 , 0.128988
127.200000 , 0.128990
127.300000 , 0.128993
127.400000 , 0.128996
127.500000 , 0.128999
127.600000 , 0.129001
127.700000 , 0.129004
127.800000 , 0.129007
127.900000 , 0.129009
128.000000 , 0.129012
128.100000 , 0.129014
128.200000 , 0.129017
128.300000 , 0.129020
128.400000 , 0.129022
128.500000 , 0.129025
128.600000 , 0.129027
128.700000 , 0.129030
128.800000 , 0.129033
128.900000 , 0.129035
129.000000 , 0.129038
129.100000 , 0.129040
129.200000 , 0.129043
129.300000 , 0.129045
129.400000 , 0.129048
129.500000 , 0.129050
129.600000 , 0.129053
129.700000 , 0.129055
129.800000 , 0.129058
129.900000 , 0.129060
130.000000 , 0.129062
130.100000 , 0.129065
130.200000 , 0.129067
130.300000 , 0.129070
130.400000 , 0.129072
130.500000 , 0.129074
130.600000 , 0.129077
130.700000 , 0.129079
130.800000 , 0.129082
130.900000 , 0.129084
131.000000 , 0.129086
131.100000 , 0.129089
131.200000 , 0.129091
131.300000 , 0.129093
131.400000 , 0.129096
131.500000 , 0.129098
131.600000 , 0.129100
131.700000 , 0.129102
131.800000 , 0.129105
131.900000 , 0.129107
132.000000 , 0.129109
132.100000 , 0.129111
132.200000 , 0.129114
132.300000 , 0.129116
132.400000 , 0.129118
132.500000 , 0.129120
132.600000 , 0.129123
132.700000 , 0.129125
132.800000 , 0.129127
132.900000 , 0.129129
133.000000 , 0.129131
133.100000 , 0.129133
133.200000 , 0.129136
133.300000 , 0.129138
133.400000 , 0.129140
133.500000 , 0.129142
133.600000 , 0.129144
133.700000 , 0.129146
133.800000 , 0.129148
133.900000 , 0.129150
134.000000 , 0.129153
134.100000 , 0.129155
134.200000 , 0.129157
134.300000 , 0.129159
134.400000 , 0.129161
134.500000 , 0.129163
134.600000 , 0.129165
134.700000 , 0.129167
134.800000 , 0.129169
134.900000 , 0.129171
135.000000 , 0.129173
135.100000 , 0.129175
135.200000 , 0.129177
135.300000 , 0.129179
135.400000 , 0.129181
135.500000 , 0.129183
135.600000 , 0.129185
135.700000 , 0.129187
135.800000 , 0.129189
135.900000 , 0.129191
136.000000 , 0.129193
136.100000 , 0.129195
136.200000 , 0.129196
136.300000 , 0.129198
136.400000 , 0.129200
136.500000 , 0.129202
136.600000 , 0.129204
136.700000 , 0.129206
136.800000 , 0.129208
136.900000 , 0.129210
137.000000 , 0.129211
137.100000 , 0.129213
137.200000 , 0.129215
137.300000 , 0.129217
137.400000 , 0.129219
137.500000 , 0.129221
137.600000 , 0.129222
137.700000 , 0.129224
137.800000 , 0.129226
137.900000 , 0.129228
138.000000 , 0.129230
138.100000 , 0.129231
138.200000 , 0.129233
138.300000 , 0.129235
138.400000 , 0.129237
138.500000 , 0.129239
138.600000 , 0.129240
138.700000 , 0.129242
138.800000 , 0.129244
138.900000 , 0.129245
139.000000 , 0.129247
139.100000 , 0.129249
139.200000 , 0.129251
139.300000 , 0.129252
139.400000 , 0.129254
139.500000 , 0.129256
139.600000 , 0.129257
139.700000 , 0.129259
139.800000 , 0.129261
139.900000 , 0.129262
140.000000 , 0.129264
140.100000 , 0.129266
140.200000 , 0.129267
140.300000 , 0.129269
140.400000 , 0.129271
140.500000 , 0.129272
140.600000 , 0.129274
140.700000 , 0.129275
140.800000 , 0.129277
140.900000 , 0.129279
141.000000 , 0.129280
141.100000 , 0.129282
141.200000 , 0.129283
141.300000 , 0.129285
141.400000 , 0.129287
141.500000 , 0.129288
141.600000 , 0.129290
141.700000 , 0.129291
141.800000 , 0.129293
141.900000 , 0.129294
142.000000 , 0.129296
142.100000 , 0.129297
142.200000 , 0.129299
142.300000 , 0.129300
142.400000 , 0.129302
142.500000 , 0.129303
142.600000 , 0.129305
142.700000 , 0.129306
142.800000 , 0.129308
142.900000 , 0.129309
143.000000 , 0.129311
143.100000 , 0.129312
143.200000 , 0.129314
143.300000 , 0.129315
143.400000 , 0.129317
143.500000 , 0.129318
143.600000 , 0.129320
143.700000 , 0.129321
143.800000 , 0.129322
143.900000 , 0.129324
144.000000 , 0.129325
144.100000 , 0.129327
144.200000 , 0.129328
144.300000 , 0.129329
144.400000 , 0.129331
144.500000 , 0.129332
144.600000 , 0.129334
144.700000 , 0.129335
144.800000 , 0.129336
144.900000 , 0.129338
145.000000 , 0.129339
145.100000 , 0.129340
145.200000 , 0.129342
145.300000 , 0.129343
145.400000 , 0.129344
145.500000 , 0.129346
145.600000 , 0.129347
145.700000 , 0.129348
145.800000 , 0.129350
145.900000 , 0.129351
146.000000 , 0.129352
146.100000 , 0.129354
146.200000 , 0.129355
146.300000 , 0.129356
146.400000 , 0.129358
146.500000 , 0.129359
146.600000 , 0.129360
146.700000 , 0.129361
146.800000 , 0.129363
146.900000 , 0.129364
147.000000 , 0.129365
147.100000 , 0.129367
147.200000 , 0.129368
147.300000 , 0.129369
147.400000 , 0.129370
147.500000 , 0.129372
147.600000 , 0.129373
147.700000 , 0.129374
147.800000 , 0.129375
147.900000 , 0.129376
148.000000 , 0.129378
148.100000 , 0.129379
148.200000 , 0.129380
148.300000 , 0.129381
148.400000 , 0.129382
148.500000 , 0.129384
148.600000 , 0.129385
148.700000 , 0.129386
148.800000 , 0.129387
148.900000 , 0.129388
149.000000 , 0.129390
149.100000 , 0.129391
149.200000 , 0.129392
149.300000 , 0.129393
149.400000 , 0.129394
149.500000 , 0.129395
149.600000 , 0.129396
149.700000 , 0.129398
149.800000 , 0.129399
149.900000 , 0.129400
150.000000 , 0.129401
150.100000 , 0.129402
150.200000 , 0.129403
150.300000 , 0.129404
150.400000 , 0.129405
150.500000 , 0.129407
150.600000 , 0.129408
150.700000 , 0.129409
150.800000 , 0.129410
150.900000 , 0.129411
151.000000 , 0.129412
151.100000 , 0.129413
151.200000 , 0.129414
151.300000 , 0.129415
151.400000 , 0.129416
151.500000 , 0.129417
151.600000 , 0.129418
151.700000 , 0.129419
151.800000 , 0.129420
151.900000 , 0.129421
152.000000 , 0.129423
152.100000 , 0.129424
152.200000 , 0.129425
152.300000 , 0.129426
152.400000 , 0.129427
152.500000 , 0.129428
152.600000 , 0.129429
152.700000 , 0.129430
152.800000 , 0.129431
152.900000 , 0.129432
153.000000 , 0.129433
153.100000 , 0.129434
153.200000 , 0.129435
153.300000 , 0.129436
153.400000 , 0.129437
153.500000 , 0.129438
153.600000 , 0.129439
153.700000 , 0.129440
153.800000 , 0.129441
153.900000 , 0.129442
154.000000 , 0.129443
154.100000 , 0.129443
154.200000 , 0.129444
154.300000 , 0.129445
154.400000 , 0.129446
154.500000 , 0.129447
154.600000 , 0.129448
154.700000 , 0.129449
154.800000 , 0.129450
154.900000 , 0.129451
155.000000 , 0.129452
155.100000 , 0.129453
155.200000 , 0.129454
155.300000 , 0.129455
155.400000 , 0.129456
155.500000 , 0.129457
155.600000 , 0.129457
155.700000 , 0.129458
155.800000 , 0.129459
155.900000 , 0.129460
156.000000 , 0.129461
156.100000 , 0.129462
156.200000 , 0.129463
156.300000 , 0.129464
156.400000 , 0.129465
156.500000 , 0.129465
156.600000 , 0.129466
156.700000 , 0.129467
156.800000 , 0.129468
156.900000 , 0.129469
157.000000 , 0.129470
157.100000 , 0.129471
157.200000 , 0.129471
157.300000 , 0.129472
157.400000 , 0.129473
157.500000 , 0.129474
157.600000 , 0.129475
157.700000 , 0.129476
157.800000 , 0.129476
157.900000 , 0.129477
158.000000 , 0.129478
158.100000 , 0.129479
158.200000 , 0.129480
158.300000 , 0.129481
158.400000 , 0.129481
158.500000 , 0.129482
158.600000 , 0.129483
158.700000 , 0.129484
158.800000 , 0.129485
158.900000 , 0.129485
159.000000 , 0.129486
159.100000 , 0.129487
159.200000 , 0.129488
159.300000 , 0.129489
159.400000 , 0.129489
159.500000 , 0.129490
159.600000 , 0.129491
159.700000 , 0.129492
159.800000 , 0.129492
159.900000 , 0.129493
160.000000 , 0.129494
160.100000 , 0.129495
160.200000 , 0.129495
160.300000 , 0.129496
160.400000 , 0.129497
160.500000 , 0.129498
160.600000 , 0.129498
160.700000 , 0.129499
160.800000 , 0.129500
160.900000 , 0.129501
161.000000 , 0.129501
161.100000 , 0.129502
161.200000 , 0.129503
161.300000 , 0.129504
161.400000 , 0.129504
161.500000 , 0.129505
161.600000 , 0.129506
161.700000 , 0.129506
161.800000 , 0.129507
161.900000 , 0.129508
162.000000 , 0.129509
162.100000 , 0.129509
162.200000 , 0.129510
162.300000 , 0.129511
162.400000 , 0.129511
162.500000 , 0.129512
162.600000 , 0.129513
162.700000 , 0.129513
162.800000 , 0.129514
162.900000 , 0.129515
163.000000 , 0.129516
163.100000 , 0.129516
163.200000 , 0.129517
163.300000 , 0.129518
163.400000 , 0.129518
163.500000 , 0.129519
163.600000 , 0.129520
163.700000 , 0.129520
163.800000 , 0.129521
163.900000 , 0.129522
164.000000 , 0.129522
164.100000 , 0.129523
164.200000 , 0.129523
164.300000 , 0.129524
164.400000 , 0.129525
164.500000 , 0.129525
164.600000 , 0.129526
164.700000 , 0.129527
164.800000 , 0.129527
164.900000 , 0.129528
165.000000 , 0.129529
165.100000 , 0.129529
165.200000 , 0.129530
165.300000 , 0.129530
165.400000 , 0.129531
165.500000 , 0.129532
165.600000 , 0.129532
165.700000 , 0.129533
165.800000 , 0.129534
165.900000 , 0.129534
166.000000 , 0.129535
166.100000 , 0.129535
166.200000 , 0.129536
166.300000 , 0.129537
166.400000 , 0.129537
166.500000 , 0.129538
166.600000 , 0.129538
166.700000 , 0.129539
166.800000 , 0.129540
166.900000 , 0.129540
167.000000 , 0.129541
167.100000 , 0.129541
167.200000 , 0.129542
167.300000 , 0.129542
167.400000 , 0.129543
167.500000 , 0.129544
167.600000 , 0.129544
167.700000 , 0.129545
167.800000 , 0.129545
167.900000 , 0.129546
168.000000 , 0.129546
168.100000 , 0.129547
168.200000 , 0.129547
168.300000 , 0.129548
168.400000 , 0.129549
168.500000 , 0.129549
168.600000 , 0.129550
168.700000 , 0.129550
168.800000 , 0.129551
168.900000 , 0.129551
169.000000 , 0.129552
169.100000 , 0.129552
169.200000 , 0.129553
169.300000 , 0.129553
169.400000 , 0.129554
169.500000 , 0.129555
169.600000 , 0.129555
169.700000 , 0.129556
169.800000 , 0.129556
169.900000 , 0.129557
170.000000 , 0.129557
170.100000 , 0.129558
170.200000 , 0.129558
170.300000 , 0.129559
170.400000 , 0.129559
170.500000 , 0.129560
170.600000 , 0.129560
170.700000 , 0.129561
170.800000 , 0.129561
170.900000 , 0.129562
171.000000 , 0.129562
171.100000 , 0.129563
171.200000 , 0.129563
171.300000 , 0.129564
171.400000 , 0.129564
171.500000 , 0.129565
171.600000 , 0.129565
171.700000 , 0.129566
171.800000 , 0.129566
171.900000 , 0.129567
172.000000 , 0.129567
172.100000 , 0.129568
172.200000 , 0.129568
172.300000 , 0.129569
172.400000 , 0.129569
172.500000 , 0.129569
172.600000 , 0.129570
172.700000 , 0.129570
172.800000 , 0.129571
172.900000 , 0.129571
173.000000 , 0.129572
173.100000 , 0.129572
173.200000 , 0.129573
173.300000 , 0.129573
173.400000 , 0.129574
173.500000 , 0.129574
173.600000 , 0.129575
173.700000 , 0.129575
173.800000 , 0.129575
173.900000 , 0.129576
174.000000 , 0.129576
174.100000 , 0.129577
174.200000 , 0.129577
174.300000 , 0.129578
174.400000 , 0.129578
174.500000 , 0.129579
174.600000 , 0.129579
174.700000 , 0.129579
174.800000 , 0.129580
174.900000 , 0.129580
175.000000 , 0.129581
175.100000 , 0.129581
175.200000 , 0.129582
175.300000 , 0.129582
175.400000 , 0.129582
175.500000 , 0.129583
175.600000 , 0.129583
175.700000 , 0.129584
175.800000 , 0.129584
175.900000 , 0.129584
176.000000 , 0.129585
176.100000 , 0.129585
176.200000 , 0.129586
176.300000 , 0.129586
176.400000 , 0.129586
176.500000 , 0.129587
176.600000 , 0.129587
176.700000 , 0.129588
176.800000 , 0.129588
176.900000 , 0.129588
177.000000 , 0.129589
177.100000 , 0.129589
177.200000 , 0.129590
177.300000 , 0.129590
177.400000 , 0.129590
177.500000 , 0.129591
177.600000 , 0.129591
177.700000 , 0.129592
177.800000 , 0.129592
177.900000 , 0.129592
178.000000 , 0.129593
178.100000 , 0.129593
178.200000 , 0.129594
178.300000 , 0.129594
178.400000 , 0.129594
178.500000 , 0.129595
178.600000 , 0.129595
178.700000 , 0.129595
178.800000 , 0.129596
178.900000 , 0.129596
179.000000 , 0.129596
179.100000 , 0.129597
179.200000 , 0.129597
179.300000 , 0.129598
179.400000 , 0.129598
179.500000 , 0.129598
179.600000 , 0.129599
179.700000 , 0.129599
179.800000 , 0.129599
179.900000 , 0.129600
180.000000 , 0.129600
180.100000 , 0.129600
180.200000 , 0.129601
180.300000 , 0.129601
180.400000 , 0.129601
180.500000 , 0.129602
180.600000 , 0.129602
180.700000 , 0.129603
180.800000 , 0.129603
180.900000 , 0.129603
181.000000 , 0.129604
181.100000 , 0.129604
181.200000 , 0.129604
181.300000 , 0.129605
181.400000 , 0.129605
181.500000 , 0.129605
181.600000 , 0.129606
181.700000 , 0.129606
181.800000 , 0.129606
181.900000 , 0.129607
182.000000 , 0.129607
182.100000 , 0.129607
182.200000 , 0.129607
182.300000 , 0.129608
182.400000 , 0.129608
182.500000 , 0.129608
182.600000 , 0.129609
182.700000 , 0.129609
182.800000 , 0.129609
182.900000 , 0.129610
183.000000 , 0.129610
183.100000 , 0.129610
183.200000 , 0.129611
183.300000 , 0.129611
183.400000 , 0.129611
183.500000 , 0.129612
183.600000 , 0.129612
183.700000 , 0.129612
183.800000 , 0.129613
183.900000 , 0.129613
184.000000 , 0.129613
184.100000 , 0.129613
184.200000 , 0.129614
184.300000 , 0.129614
184.400000 , 0.129614
184.500000 , 0.129615
184.600000 , 0.129615
184.700000 , 0.129615
184.800000 , 0.129615
184.900000 , 0.129616
185.000000 , 0.129616
185.100000 , 0.129616
185.200000 , 0.129617
185.300000 , 0.129617
185.400000 , 0.129617
185.500000 , 0.129618
185.600000 , 0.129618
185.700000 , 0.129618
185.800000 , 0.129618
185.900000 , 0.129619
186.000000 , 0.129619
186.100000 , 0.129619
186.200000 , 0.129619
186.300000 , 0.129620
186.400000 , 0.129620
186.500000 , 0.129620
186.600000 , 0.129621
186.700000 , 0.129621
186.800000 , 0.129621
186.900000 , 0.129621
187.000000 , 0.129622
187.100000 , 0.129622
187.200000 , 0.129622
187.300000 , 0.129622
187.400000 , 0.129623
187.500000 , 0.129623
187.600000 , 0.129623
187.700000 , 0.129624
187.800000 , 0.129624
187.900000 , 0.129624
188.000000 , 0.129624
188.100000 , 0.129625
188.200000 , 0.129625
188.300000 , 0.129625
188.400000 , 0.129625
188.500000 , 0.129626
188.600000 , 0.129626
188.700000 , 0.129626
188.800000 , 0.129626
188.900000 , 0.129627
189.000000 , 0.129627
189.100000 , 0.129627
189.200000 , 0.129627
189.300000 , 0.129628
189.400000 , 0.129628
189.500000 , 0.129628
189.600000 , 0.129628
189.700000 , 0.129629
189.800000 , 0.129629
189.900000 , 0.129629
190.000000 , 0.129629
190.100000 , 0.129629
190.200000 , 0.129630
190.300000 , 0.129630
190.400000 , 0.129630
190.500000 , 0.129630
190.600000 , 0.129631
190.700000 , 0.129631
190.800000 , 0.129631
190.900000 , 0.129631
191.000000 , 0.129632
191.100000 , 0.129632
191.200000 , 0.129632
191.300000 , 0.129632
191.400000 , 0.129633
191.500000 , 0.129633
191.600000 , 0.129633
191.700000 , 0.129633
191.800000 , 0.129633
191.900000 , 0.129634
192.000000 , 0.129634
192.100000 , 0.129634
192.200000 , 0.129634
192.300000 , 0.129635
192.400000 , 0.129635
192.500000 , 0.129635
192.600000 , 0.129635
192.700000 , 0.129635
192.800000 , 0.129636
192.900000 , 0.129636
193.000000 , 0.129636
193.100000 , 0.129636
193.200000 , 0.129636
193.300000 , 0.129637
193.400000 , 0.129637
193.500000 , 0.129637
193.600000 , 0.129637
193.700000 , 0.129637
193.800000 , 0.129638
193.900000 , 0.129638
194.000000 , 0.129638
194.100000 , 0.129638
194.200000 , 0.129639
194.300000 , 0.129639
194.400000 , 0.129639
194.500000 , 0.129639
194.600000 , 0.129639
194.700000 , 0.129640
194.800000 , 0.129640
194.900000 , 0.129640
195.000000 , 0.129640
195.100000 , 0.129640
195.200000 , 0.129641
195.300000 , 0.129641
195.400000 , 0.129641
195.500000 , 0.129641
195.600000 , 0.129641
195.700000 , 0.129641
195.800000 , 0.129642
195.900000 , 0.129642
196.000000 , 0.129642
196.100000 , 0.129642
196.200000 , 0.129642
196.300000 , 0.129643
196.400000 , 0.129643
196.500000 , 0.129643
196.600000 , 0.129643
196.700000 , 0.129643
196.800000 , 0.129644
196.900000 , 0.129644
197.000000 , 0.129644
197.100000 , 0.129644
197.200000 , 0.129644
197.300000 , 0.129644
197.400000 , 0.129645
197.500000 , 0.129645
197.600000 , 0.129645
197.700000 , 0.129645
197.800000 , 0.129645
197.900000 , 0.129646
198.000000 , 0.129646
198.100000 , 0.129646
198.200000 , 0.129646
198.300000 , 0.129646
198.400000 , 0.129646
198.500000 , 0.129647
198.600000 , 0.129647
198.700000 , 0.129647
198.800000 , 0.129647
198.900000 , 0.129647
199.000000 , 0.129647
199.100000 , 0.129648
199.200000 , 0.129648
199.300000 , 0.129648
199.400000 , 0.129648
199.500000 , 0.129648
199.600000 , 0.129648
199.700000 , 0.129649
199.800000 , 0.129649
199.900000 , 0.129649
200.000000 , 0.129649
200.100000 , 0.129649
200.200000 , 0.129649
200.300000 , 0.129650
200.400000 , 0.129650
200.500000 , 0.129650
200.600000 , 0.129650
200.700000 , 0.129650
200.800000 , 0.129650
200.900000 , 0.129651
201.000000 , 0.129651
201.100000 , 0.129651
201.200000 , 0.129651
201.300000 , 0.129651
201.400000 , 0.129651
201.500000 , 0.129651
201.600000 , 0.129652
201.700000 , 0.129652
201.800000 , 0.129652
201.900000 , 0.129652
202.000000 , 0.129652
202.100000 , 0.129652
202.200000 , 0.129653
202.300000 , 0.129653
202.400000 , 0.129653
202.500000 , 0.129653
202.600000 , 0.129653
202.700000 , 0.129653
202.800000 , 0.129653
202.900000 , 0.129654
203.000000 , 0.129654
203.100000 , 0.129654
203.200000 , 0.129654
203.300000 , 0.129654
203.400000 , 0.129654
203.500000 , 0.129654
203.600000 , 0.129655
203.700000 , 0.129655
203.800000 , 0.129655
203.900000 , 0.129655
204.000000 , 0.129655
204.100000 , 0.129655
204.200000 , 0.129655
204.300000 , 0.129656
204.400000 , 0.129656
204.500000 , 0.129656
204.600000 , 0.129656
204.700000 , 0.129656
204.800000 , 0.129656
204.900000 , 0.129656
205.000000 , 0.129656
205.100000 , 0.129657
205.200000 , 0.129657
205.300000 , 0.129657
205.400000 , 0.129657
205.500000 , 0.129657
205.600000 , 0.129657
205.700000 , 0.129657
205.800000 , 0.129658
205.900000 , 0.129658
206.000000 , 0.129658
206.100000 , 0.129658
206.200000 , 0.129658
206.300000 , 0.129658
206.400000 , 0.129658
206.500000 , 0.129658
206.600000 , 0.129659
206.700000 , 0.129659
206.800000 , 0.129659
206.900000 , 0.129659
207.000000 , 0.129659
207.100000 , 0.129659
207.200000 , 0.129659
207.300000 , 0.129659
207.400000 , 0.129660
207.500000 , 0.129660
207.600000 , 0.129660
207.700000 , 0.129660
207.800000 , 0.129660
207.900000 , 0.129660
208.000000 , 0.129660
208.100000 , 0.129660
208.200000 , 0.129660
208.300000 , 0.129661
208.400000 , 0.129661
208.500000 , 0.129661
208.600000 , 0.129661
208.700000 , 0.129661
208.800000 , 0.129661
208.900000 , 0.129661
209.000000 , 0.129661
209.100000 , 0.129662
209.200000 , 0.129662
209.300000 , 0.129662
209.400000 , 0.129662
209.500000 , 0.129662
209.600000 , 0.129662
209.700000 , 0.129662
209.800000 , 0.129662
209.900000 , 0.129662
210.000000 , 0.129663
210.100000 , 0.129663
210.200000 , 0.129663
210.300000 , 0.129663
210.400000 , 0.129663
210.500000 , 0.129663
210.600000 , 0.129663
210.700000 , 0.129663
210.800000 , 0.129663
210.900000 , 0.129664
211.000000 , 0.129664
211.100000 , 0.129664
211.200000 , 0.129664
211.300000 , 0.129664
211.400000 , 0.129664
211.500000 , 0.129664
211.600000 , 0.129664
211.700000 , 0.129664
211.800000 , 0.129664
211.900000 , 0.129665
212.000000 , 0.129665
212.100000 , 0.129665
212.200000 , 0.129665
212.300000 , 0.129665
212.400000 , 0.129665
212.500000 , 0.129665
212.600000 , 0.129665
212.700000 , 0.129665
212.800000 , 0.129665
212.900000 , 0.129666
213.000000 , 0.129666
213.100000 , 0.129666
213.200000 , 0.129666
213.300000 , 0.129666
213.400000 , 0.129666
213.500000 , 0.129666
213.600000 , 0.129666
213.700000 , 0.129666
213.800000 , 0.129666
213.900000 , 0.129667
214.000000 , 0.129667
214.100000 , 0.129667
214.200000 , 0.129667
214.300000 , 0.129667
214.400000 , 0.129667
214.500000 , 0.129667
214.600000 , 0.129667
214.700000 , 0.129667
214.800000 , 0.129667
214.900000 , 0.129667
215.000000 , 0.129668
215.100000 , 0.129668
215.200000 , 0.129668
215.300000 , 0.129668
215.400000 , 0.129668
215.500000 , 0.129668
215.600000 , 0.129668
215.700000 , 0.129668
215.800000 , 0.129668
215.900000 , 0.129668
216.000000 , 0.129668
216.100000 , 0.129669
216.200000 , 0.129669
216.300000 , 0.129669
216.400000 , 0.129669
216.500000 , 0.129669
216.600000 , 0.129669
216.700000 , 0.129669
216.800000 , 0.129669
216.900000 , 0.129669
217.000000 , 0.129669
217.100000 , 0.129669
217.200000 , 0.129669
217.300000 , 0.129670
217.400000 , 0.129670
217.500000 , 0.129670
217.600000 , 0.129670
217.700000 , 0.129670
217.800000 , 0.129670
217.900000 , 0.129670
218.000000 , 0.129670
218.100000 , 0.129670
218.200000 , 0.129670
218.300000 , 0.129670
218.400000 , 0.129670
218.500000 , 0.129671
218.600000 , 0.129671
218.700000 , 0.129671
218.800000 , 0.129671
218.900000 , 0.129671
219.000000 , 0.129671
219.100000 , 0.129671
219.200000 , 0.129671
219.300000 , 0.129671
219.400000 , 0.129671
219.500000 , 0.129671
219.600000 , 0.129671
219.700000 , 0.129671
219.800000 , 0.129672
219.900000 , 0.129672
220.000000 , 0.129672
220.100000 , 0.129672
220.200000 , 0.129672
220.300000 , 0.129672
220.400000 , 0.129672
220.500000 , 0.129672
220.600000 , 0.129672
220.700000 , 0.129672
220.800000 , 0.129672
220.900000 , 0.129672
221.000000 , 0.129672
221.100000 , 0.129673
221.200000 , 0.129673
221.300000 , 0.129673
221.400000 , 0.129673
221.500000 , 0.129673
221.600000 , 0.129673
221.700000 , 0.129673
221.800000 , 0.129673
221.900000 , 0.129673
222.000000 , 0.129673
222.100000 , 0.129673
222.200000 , 0.129673
222.300000 , 0.129673
222.400000 , 0.129673
222.500000 , 0.129673
222.600000 , 0.129674
222.700000 , 0.129674
222.800000 , 0.129674
222.900000 , 0.129674
223.000000 , 0.129674
223.100000 , 0.129674
223.200000 , 0.129674
223.300000 , 0.129674
223.400000 , 0.129674
223.500000 , 0.129674
223.600000 , 0.129674
223.700000 , 0.129674
223.800000 , 0.129674
223.900000 , 0.129674
224.000000 , 0.129674
224.100000 , 0.129675
224.200000 , 0.129675
224.300000 , 0.129675
224.400000 , 0.129675
224.500000 , 0.129675
224.600000 , 0.129675
224.700000 , 0.129675
224.800000 , 0.129675
224.900000 , 0.129675
225.000000 , 0.129675
225.100000 , 0.129675
225.200000 , 0.129675
225.300000 , 0.129675
225.400000 , 0.129675
225.500000 , 0.129675
225.600000 , 0.129675
225.700000 , 0.129676
225.800000 , 0.129676
225.900000 , 0.129676
226.000000 , 0.129676
226.100000 , 0.129676
226.200000 , 0.129676
226.300000 , 0.129676
226.400000 , 0.129676
226.500000 , 0.129676
226.600000 , 0.129676
226.700000 , 0.129676
226.800000 , 0.129676
226.900000 , 0.129676
227.000000 , 0.129676
227.100000 , 0.129676
227.200000 , 0.129676
227.300000 , 0.129676
227.400000 , 0.129677
227.500000 , 0.129677
227.600000 , 0.129677
227.700000 , 0.129677
227.800000 , 0.129677
227.900000 , 0.129677
228.000000 , 0.129677
228.100000 , 0.129677
228.200000 , 0.129677
228.300000 , 0.129677
228.400000 , 0.129677
228.500000 , 0.129677
228.600000 , 0.129677
228.700000 , 0.129677
228.800000 , 0.129677
228.900000 , 0.129677
229.000000 , 0.129677
229.100000 , 0.129677
229.200000 , 0.129678
229.300000 , 0.129678
229.400000 , 0.129678
229.500000 , 0.129678
229.600000 , 0.129678
229.700000 , 0.129678
229.800000 , 0.129678
229.900000 , 0.129678
230.000000 , 0.129678
230.100000 , 0.129678
230.200000 , 0.129678
230.300000 , 0.129678
230.400000 , 0.129678
230.500000 , 0.129678
230.600000 , 0.129678
230.700000 , 0.129678
230.800000 , 0.129678
230.900000 , 0.129678
231.000000 , 0.129678
231.100000 , 0.129678
231.200000 , 0.129679
231.300000 , 0.129679
231.400000 , 0.129679
231.500000 , 0.129679
231.600000 , 0.129679
231.700000 , 0.129679
231.800000 , 0.129679
231.900000 , 0.129679
232.000000 , 0.129679
232.100000 , 0.129679
232.200000 , 0.129679
232.300000 , 0.129679
232.400000 , 0.129679
232.500000 , 0.129679
232.600000 , 0.129679
232.700000 , 0.129679
232.800000 , 0.129679
232.900000 , 0.129679
233.000000 , 0.129679
233.100000 , 0.129679
233.200000 , 0.129679
233.300000 , 0.129680
233.400000 , 0.129680
233.500000 , 0.129680
233.600000 , 0.129680
233.700000 , 0.129680
233.800000 , 0.129680
233.900000 , 0.129680
234.000000 , 0.129680
234.100000 , 0.129680
234.200000 , 0.129680
234.300000 , 0.129680
234.400000 , 0.129680
234.500000 , 0.129680
234.600000 , 0.129680
234.700000 , 0.129680
234.800000 , 0.129680
234.900000 , 0.129680
235.000000 , 0.129680
235.100000 , 0.129680
235.200000 , 0.129680
235.300000 , 0.129680
235.400000 , 0.129680
235.500000 , 0.129680
235.600000 , 0.129680
235.700000 , 0.129681
235.800000 , 0.129681
235.900000 , 0.129681
236.000000 , 0.129681
236.100000 , 0.129681
236.200000 , 0.129681
236.300000 , 0.129681
236.400000 , 0.129681
236.500000 , 0.129681
236.600000 , 0.129681
236.700000 , 0.129681
236.800000 , 0.129681
236.900000 , 0.129681
237.000000 , 0.129681
237.100000 , 0.129681
237.200000 , 0.129681
237.300000 , 0.129681
237.400000 , 0.129681
237.500000 , 0.129681
237.600000 , 0.129681
237.700000 , 0.129681
237.800000 , 0.129681
237.900000 , 0.129681
238.000000 , 0.129681
238.100000 , 0.129681
238.200000 , 0.129682
238.300000 , 0.129682
238.400000 , 0.129682
238.500000 , 0.129682
238.600000 , 0.129682
238.700000 , 0.129682
238.800000 , 0.129682
238.900000 , 0.129682
239.000000 , 0.129682
239.100000 , 0.129682
239.200000 , 0.129682
239.300000 , 0.129682
239.400000 , 0.129682
239.500000 , 0.129682
239.600000 , 0.129682
239.700000 , 0.129682
239.800000 , 0.129682
239.900000 , 0.129682
240.000000 , 0.129682
240.100000 , 0.129682
240.200000 , 0.129682
240.300000 , 0.129682
240.400000 , 0.129682
240.500000 , 0.129682
240.600000 , 0.129682
240.700000 , 0.129682
240.800000 , 0.129682
240.900000 , 0.129682
241.000000 , 0.129682
241.100000 , 0.129683
241.200000 , 0.129683
241.300000 , 0.129683
241.400000 , 0.129683
241.500000 , 0.129683
241.600000 , 0.129683
241.700000 , 0.129683
241.800000 , 0.129683
241.900000 , 0.129683
242.000000 , 0.129683
242.100000 , 0.129683
242.200000 , 0.129683
242.300000 , 0.129683
242.400000 , 0.129683
242.500000 , 0.129683
242.600000 , 0.129683
242.700000 , 0.129683
242.800000 , 0.129683
242.900000 , 0.129683
243.000000 , 0.129683
243.100000 , 0.129683
243.200000 , 0.129683
243.300000 , 0.129683
243.400000 , 0.129683
243.500000 , 0.129683
243.600000 , 0.129683
243.700000 , 0.129683
243.800000 , 0.129683
243.900000 , 0.129683
244.000000 , 0.129683
244.100000 , 0.129683
244.200000 , 0.129683
244.300000 , 0.129684
244.400000 , 0.129684
244.500000 , 0.129684
244.600000 , 0.129684
244.700000 , 0.129684
244.800000 , 0.129684
244.900000 , 0.129684
245.000000 , 0.129684
245.100000 , 0.129684
245.200000 , 0.129684
245.300000 , 0.129684
245.400000 , 0.129684
245.500000 , 0.129684
245.600000 , 0.129684
245.700000 , 0.129684
245.800000 , 0.129684
245.900000 , 0.129684
246.000000 , 0.129684
246.100000 , 0.129684
246.200000 , 0.129684
246.300000 , 0.129684
246.400000 , 0.129684
246.500000 , 0.129684
246.600000 , 0.129684
246.700000 , 0.129684
246.800000 , 0.129684
246.900000 , 0.129684
247.000000 , 0.129684
247.100000 , 0.129684
247.200000 , 0.129684
247.300000 , 0.129684
247.400000 , 0.129684
247.500000 , 0.129684
247.600000 , 0.129684
247.700000 , 0.129684
247.800000 , 0.129684
247.900000 , 0.129685
248.000000 , 0.129685
248.100000 , 0.129685
248.200000 , 0.129685
248.300000 , 0.129685
248.400000 , 0.129685
248.500000 , 0.129685
248.600000 , 0.129685
248.700000 , 0.129685
248.800000 , 0.129685
248.900000 , 0.129685
249.000000 , 0.129685
249.100000 , 0.129685
249.200000 , 0.129685
249.300000 , 0.129685
249.400000 , 0.129685
249.500000 , 0.129685
249.600000 , 0.129685
249.700000 , 0.129685
249.800000 , 0.129685
249.900000 , 0.129685
250.000000 , 0.129685
250.100000 , 0.129685
250.200000 , 0.129685
250.300000 , 0.129685
250.400000 , 0.129685
250.500000 , 0.129685
250.600000 , 0.129685
250.700000 , 0.129685
250.800000 , 0.129685
250.900000 , 0.129685
251.000000 , 0.129685
251.100000 , 0.129685
251.200000 , 0.129685
251.300000 , 0.129685
251.400000 , 0.129685
251.500000 , 0.129685
251.600000 , 0.129685
251.700000 , 0.129685
251.800000 , 0.129685
251.900000 , 0.129685
252.000000 , 0.129685
252.100000 , 0.129685
252.200000 , 0.129686
252.300000 , 0.129686
252.400000 , 0.129686
252.500000 , 0.129686
252.600000 , 0.129686
252.700000 , 0.129686
252.800000 , 0.129686
252.900000 , 0.129686
253.000000 , 0.129686
253.100000 , 0.129686
253.200000 , 0.129686
253.300000 , 0.129686
253.400000 , 0.129686
253.500000 , 0.129686
253.600000 , 0.129686
253.700000 , 0.129686
253.800000 , 0.129686
253.900000 , 0.129686
254.000000 , 0.129686
254.100000 , 0.129686
254.200000 , 0.129686
254.300000 , 0.129686
254.400000 , 0.129686
254.500000 , 0.129686
254.600000 , 0.129686
254.700000 , 0.129686
254.800000 , 0.129686
254.900000 , 0.129686
255.000000 , 0.129686
255.100000 , 0.129686
255.200000 , 0.129686
255.300000 , 0.129686
255.400000 , 0.129686
255.500000 , 0.129686
255.600000 , 0.129686
255.700000 , 0.129686
255.800000 , 0.129686
255.900000 , 0.129686
256.000000 , 0.129686
256.100000 , 0.129686
256.200000 , 0.129686
256.300000 , 0.129686
256.400000 , 0.129686
256.500000 , 0.129686
256.600000 , 0.129686
256.700000 , 0.129686
256.800000 , 0.129686
256.900000 , 0.129686
257.000000 , 0.129686
257.100000 , 0.129686
257.200000 , 0.129687
257.300000 , 0.129687
257.400000 , 0.129687
257.500000 , 0.129687
257.600000 , 0.129687
257.700000 , 0.129687
257.800000 , 0.129687
257.900000 , 0.129687
258.000000 , 0.129687
258.100000 , 0.129687
258.200000 , 0.129687
258.300000 , 0.129687
258.400000 , 0.129687
258.500000 , 0.129687
258.600000 , 0.129687
258.700000 , 0.129687
258.800000 , 0.129687
258.900000 , 0.129687
259.000000 , 0.129687
259.100000 , 0.129687
259.200000 , 0.129687
259.300000 , 0.129687
259.400000 , 0.129687
259.500000 , 0.129687
259.600000 , 0.129687
259.700000 , 0.129687
259.800000 , 0.129687
259.900000 , 0.129687
260.000000 , 0.129687
260.100000 , 0.129687
260.200000 , 0.129687
260.300000 , 0.129687
260.400000 , 0.129687
260.500000 , 0.129687
260.600000 , 0.129687
260.700000 , 0.129687
260.800000 , 0.129687
260.900000 , 0.129687
261.000000 , 0.129687
261.100000 , 0.129687
261.200000 , 0.129687
261.300000 , 0.129687
261.400000 , 0.129687
261.500000 , 0.129687
261.600000 , 0.129687
261.700000 , 0.129687
261.800000 , 0.129687
261.900000 , 0.129687
262.000000 , 0.129687
262.100000 , 0.129687
262.200000 , 0.129687
262.300000 , 0.129687
262.400000 , 0.129687
262.500000 , 0.129687
262.600000 , 0.129687
262.700000 , 0.129687
262.800000 , 0.129687
262.900000 , 0.129687
263.000000 , 0.129687
263.100000 , 0.129687
263.200000 , 0.129687
263.300000 , 0.129687
263.400000 , 0.129687
263.500000 , 0.129687
263.600000 , 0.129688
263.700000 , 0.129688
263.800000 , 0.129688
263.900000 , 0.129688
264.000000 , 0.129688
264.100000 , 0.129688
264.200000 , 0.129688
264.300000 , 0.129688
264.400000 , 0.129688
264.500000 , 0.129688
264.600000 , 0.129688
264.700000 , 0.129688
264.800000 , 0.129688
264.900000 , 0.129688
265.000000 , 0.129688
265.100000 , 0.129688
265.200000 , 0.129688
265.300000 , 0.129688
265.400000 , 0.129688
265.500000 , 0.129688
265.600000 , 0.129688
265.700000 , 0.129688
265.800000 , 0.129688
265.900000 , 0.129688
266.000000 , 0.129688
266.100000 , 0.129688
266.200000 , 0.129688
266.300000 , 0.129688
266.400000 , 0.129688
266.500000 , 0.129688
266.600000 , 0.129688
266.700000 , 0.129688
266.800000 , 0.129688
266.900000 , 0.129688
267.000000 , 0.129688
267.100000 , 0.129688
267.200000 , 0.129688
267.300000 , 0.129688
267.400000 , 0.129688
267.500000 , 0.129688
267.600000 , 0.129688
267.700000 , 0.129688
267.800000 , 0.129688
267.900000 , 0.129688
268.000000 , 0.129688
268.100000 , 0.129688
268.200000 , 0.129688
268.300000 , 0.129688
268.400000 , 0.129688
268.500000 , 0.129688
268.600000 , 0.129688
268.700000 , 0.129688
268.800000 , 0.129688
268.900000 , 0.129688
269.000000 , 0.129688
269.100000 , 0.129688
269.200000 , 0.129688
269.300000 , 0.129688
269.400000 , 0.129688
269.500000 , 0.129688
269.600000 , 0.129688
269.700000 , 0.129688
269.800000 , 0.129688
269.900000 , 0.129688
270.000000 , 0.129688
270.100000 , 0.129688
270.200000 , 0.129688
270.300000 , 0.129688
270.400000 , 0.129688
270.500000 , 0.129688
270.600000 , 0.129688
270.700000 , 0.129688
270.800000 , 0.129688
270.900000 , 0.129688
271.000000 , 0.129688
271.100000 , 0.129688
271.200000 , 0.129688
271.300000 , 0.129688
271.400000 , 0.129688
271.500000 , 0.129688
271.600000 , 0.129688
271.700000 , 0.129688
271.800000 , 0.129688
271.900000 , 0.129689
272.000000 , 0.129689
272.100000 , 0.129689
272.200000 , 0.129689
272.300000 , 0.129689
272.400000 , 0.129689
272.500000 , 0.129689
272.600000 , 0.129689
272.700000 , 0.129689
272.800000 , 0.129689
272.900000 , 0.129689
273.000000 , 0.129689
273.100000 , 0.129689
273.200000 , 0.129689
273.300000 , 0.129689
273.400000 , 0.129689
273.500000 , 0.129689
273.600000 , 0.129689
273.700000 , 0.129689
273.800000 , 0.129689
273.900000 , 0.129689
274.000000 , 0.129689
274.100000 , 0.129689
274.200000 , 0.129689
274.300000 , 0.129689
274.400000 , 0.129689
274.500000 , 0.129689
274.600000 , 0.129689
274.700000 , 0.129689
274.800000 , 0.129689
274.900000 , 0.129689
275.000000 , 0.129689
275.100000 , 0.129689
275.200000 , 0.129689
275.300000 , 0.129689
275.400000 , 0.129689
275.500000 , 0.129689
275.600000 , 0.129689
275.700000 , 0.129689
275.800000 , 0.129689
275.900000 , 0.129689
276.000000 , 0.129689
276.100000 , 0.129689
276.200000 , 0.129689
276.300000 , 0.129689
276.400000 , 0.129689
276.500000 , 0.129689
276.600000 , 0.129689
276.700000 , 0.129689
276.800000 , 0.129689
276.900000 , 0.129689
277.000000 , 0.129689
277.100000 , 0.129689
277.200000 , 0.129689
277.300000 , 0.129689
277.400000 , 0.129689
277.500000 , 0.129689
277.600000 , 0.129689
277.700000 , 0.129689
277.800000 , 0.129689
277.900000 , 0.129689
278.000000 , 0.129689
278.100000 , 0.129689
278.200000 , 0.129689
278.300000 , 0.129689
278.400000 , 0.129689
278.500000 , 0.129689
278.600000 , 0.129689
278.700000 , 0.129689
278.800000 , 0.129689
278.900000 , 0.129689
279.000000 , 0.129689
279.100000 , 0.129689
279.200000 , 0.129689
279.300000 , 0.129689
279.400000 , 0.129689
279.500000 , 0.129689
279.600000 , 0.129689
279.700000 , 0.129689
279.800000 , 0.129689
279.900000 , 0.129689
280.000000 , 0.129689
280.100000 , 0.129689
280.200000 , 0.129689
280.300000 , 0.129689
280.400000 , 0.129689
280.500000 , 0.129689
280.600000 , 0.129689
280.700000 , 0.129689
280.800000 , 0.129689
280.900000 , 0.129689
281.000000 , 0.129689
281.100000 , 0.129689
281.200000 , 0.129689
281.300000 , 0.129689
281.400000 , 0.129689
281.500000 , 0.129689
281.600000 , 0.129689
281.700000 , 0.129689
281.800000 , 0.129689
281.900000 , 0.129689
282.000000 , 0.129689
282.100000 , 0.129689
282.200000 , 0.129689
282.300000 , 0.129689
282.400000 , 0.129689
282.500000 , 0.129689
282.600000 , 0.129689
282.700000 , 0.129689
282.800000 , 0.129689
282.900000 , 0.129689
283.000000 , 0.129689
283.100000 , 0.129689
283.200000 , 0.129689
283.300000 , 0.129689
283.400000 , 0.129689
283.500000 , 0.129689
283.600000 , 0.129689
283.700000 , 0.129689
283.800000 , 0.129689
283.900000 , 0.129689
284.000000 , 0.129689
284.100000 , 0.129689
284.200000 , 0.129689
284.300000 , 0.129689
284.400000 , 0.129690
284.500000 , 0.129690
284.600000 , 0.129690
284.700000 , 0.129690
284.800000 , 0.129690
284.900000 , 0.129690
285.000000 , 0.129690
285.100000 , 0.129690
285.200000 , 0.129690
285.300000 , 0.129690
285.400000 , 0.129690
285.500000 , 0.129690
285.600000 , 0.129690
285.700000 , 0.129690
285.800000 , 0.129690
285.900000 , 0.129690
286.000000 , 0.129690
286.100000 , 0.129690
286.200000 , 0.129690
286.300000 , 0.129690
286.400000 , 0.129690
286.500000 , 0.129690
286.600000 , 0.129690
286.700000 , 0.129690
286.800000 , 0.129690
286.900000 , 0.129690
287.000000 , 0.129690
287.100000 , 0.129690
287.200000 , 0.129690
287.300000 , 0.129690
287.400000 , 0.129690
287.500000 , 0.129690
287.600000 , 0.129690
287.700000 , 0.129690
287.800000 , 0.129690
287.900000 , 0.129690
288.000000 , 0.129690
288.100000 , 0.129690
288.200000 , 0.129690
288.300000 , 0.129690
288.400000 , 0.129690
288.500000 , 0.129690
288.600000 , 0.129690
288.700000 , 0.129690
288.800000 , 0.129690
288.900000 , 0.129690
289.000000 , 0.129690
289.100000 , 0.129690
289.200000 , 0.129690
289.300000 , 0.129690
289.400000 , 0.129690
289.500000 , 0.129690
289.600000 , 0.129690
289.700000 , 0.129690
289.800000 , 0.129690
289.900000 , 0.129690
290.000000 , 0.129690
290.100000 , 0.129690
290.200000 , 0.129690
290.300000 , 0.129690
290.400000 , 0.129690
290.500000 , 0.129690
290.600000 , 0.129690
290.700000 , 0.129690
290.800000 , 0.129690
290.900000 , 0.129690
291.000000 , 0.129690
291.100000 , 0.129690
291.200000 , 0.129690
291.300000 , 0.129690
291.400000 , 0.129690
291.500000 , 0.129690
291.600000 , 0.129690
291.700000 , 0.129690
291.800000 , 0.129690
291.900000 , 0.129690
292.000000 , 0.129690
292.100000 , 0.129690
292.200000 , 0.129690
292.300000 , 0.129690
292.400000 , 0.129690
292.500000 , 0.129690
292.600000 , 0.129690
292.700000 , 0.129690
292.800000 , 0.129690
292.900000 , 0.129690
293.000000 , 0.129690
293.100000 , 0.129690
293.200000 , 0.129690
293.300000 , 0.129690
293.400000 , 0.129690
293.500000 , 0.129690
293.600000 , 0.129690
293.700000 , 0.129690
293.800000 , 0.129690
293.900000 , 0.129690
294.000000 , 0.129690
294.100000 , 0.129690
294.200000 , 0.129690
294.300000 , 0.129690
294.400000 , 0.129690
294.500000 , 0.129690
294.600000 , 0.129690
294.700000 , 0.129690
294.800000 , 0.129690
294.900000 , 0.129690
295.000000 , 0.129690
295.100000 , 0.129690
295.200000 , 0.129690
295.300000 , 0.129690
295.400000 , 0.129690
295.500000 , 0.129690
295.600000 , 0.129690
295.700000 , 0.129690
295.800000 , 0.129690
295.900000 , 0.129690
296.000000 , 0.129690
296.100000 , 0.129690
296.200000 , 0.129690
296.300000 , 0.129690
296.400000 , 0.129690
296.500000 , 0.129690
296.600000 , 0.129690
296.700000 , 0.129690
296.800000 , 0.129690
296.900000 , 0.129690
297.000000 , 0.129690
297.100000 , 0.129690
297.200000 , 0.129690
297.300000 , 0.129690
297.400000 , 0.129690
297.500000 , 0.129690
297.600000 , 0.129690
297.700000 , 0.129690
297.800000 , 0.129690
297.900000 , 0.129690
298.000000 , 0.129690
298.100000 , 0.129690
298.200000 , 0.129690
298.300000 , 0.129690
298.400000 , 0.129690
298.500000 , 0.129690
298.600000 , 0.129690
298.700000 , 0.129690
298.800000 , 0.129690
298.900000 , 0.129690
299.000000 , 0.129690
299.100000 , 0.129690
299.200000 , 0.129690
299.300000 , 0.129690
299.400000 , 0.129690
299.500000 , 0.129690
299.600000 , 0.129690
299.700000 , 0.129690
299.800000 , 0.129690
299.900000 , 0.129690
300.000000 , 0.129690
300.100000 , 0.129690
300.200000 , 0.129690
300.300000 , 0.129690
300.400000 , 0.129690
300.500000 , 0.129690
300.600000 , 0.129690
300.700000 , 0.129690
300.800000 , 0.129690
300.900000 , 0.129690
301.000000 , 0.129690
301.100000 , 0.129690
301.200000 , 0.129690
301.300000 , 0.129690
301.400000 , 0.129690
301.500000 , 0.129690
301.600000 , 0.129690
301.700000 , 0.129690
301.800000 , 0.129690
301.900000 , 0.129690
302.000000 , 0.129690
302.100000 , 0.129690
302.200000 , 0.129690
302.300000 , 0.129690
302.400000 , 0.129690
302.500000 , 0.129690
302.600000 , 0.129690
302.700000 , 0.129690
302.800000 , 0.129690
302.900000 , 0.129690
303.000000 , 0.129690
303.100000 , 0.129690
303.200000 , 0.129690
303.300000 , 0.129690
303.400000 , 0.129690
303.500000 , 0.129690
303.600000 , 0.129690
303.700000 , 0.129690
303.800000 , 0.129690
303.900000 , 0.129690
304.000000 , 0.129690
304.100000 , 0.129690
304.200000 , 0.129690
304.300000 , 0.129690
304.400000 , 0.129690
304.500000 , 0.129690
304.600000 , 0.129690
304.700000 , 0.129690
304.800000 , 0.129690
304.900000 , 0.129690
305.000000 , 0.129690
305.100000 , 0.129690
305.200000 , 0.129690
305.300000 , 0.129690
305.400000 , 0.129690
305.500000 , 0.129690
305.600000 , 0.129690
305.700000 , 0.129690
305.800000 , 0.129690
305.900000 , 0.129690
306.000000 , 0.129690
306.100000 , 0.129690
306.200000 , 0.129690
306.300000 , 0.129690
306.400000 , 0.129690
306.500000 , 0.129690
306.600000 , 0.129690
306.700000 , 0.129690
306.800000 , 0.129690
306.900000 , 0.129690
307.000000 , 0.129690
307.100000 , 0.129690
307.200000 , 0.129690
307.300000 , 0.129690
307.400000 , 0.129690
307.500000 , 0.129690
307.600000 , 0.129690
307.700000 , 0.129690
307.800000 , 0.129690
307.900000 , 0.129690
308.000000 , 0.129690
308.100000 , 0.129690
308.200000 , 0.129690
308.300000 , 0.129690
308.400000 , 0.129690
308.500000 , 0.129690
308.600000 , 0.129690
308.700000 , 0.129690
308.800000 , 0.129690
308.900000 , 0.129690
309.000000 , 0.129690
309.100000 , 0.129690
309.200000 , 0.129690
309.300000 , 0.129690
309.400000 , 0.129691
309.500000 , 0.129691
309.600000 , 0.129691
309.700000 , 0.129691
309.800000 , 0.129691
309.900000 , 0.129691
310.000000 , 0.129691
310.100000 , 0.129691
310.200000 , 0.129691
310.300000 , 0.129691
310.400000 , 0.129691
310.500000 , 0.129691
310.600000 , 0.129691
310.700000 , 0.129691
310.800000 , 0.129691
310.900000 , 0.129691
311.000000 , 0.129691
311.100000 , 0.129691
311.200000 , 0.129691
311.300000 , 0.129691
311.400000 , 0.129691
311.500000 , 0.129691
311.600000 , 0.129691
311.700000 , 0.129691
311.800000 , 0.129691
311.900000 , 0.129691
312.000000 , 0.129691
312.100000 , 0.129691
312.200000 , 0.129691
312.300000 , 0.129691
312.400000 , 0.129691
312.500000 , 0.129691
312.600000 , 0.129691
312.700000 , 0.129691
312.800000 , 0.129691
312.900000 , 0.129691
313.000000 , 0.129691
313.100000 , 0.129691
313.200000 , 0.129691
313.300000 , 0.129691
313.400000 , 0.129691
313.500000 , 0.129691
313.600000 , 0.129691
313.700000 , 0.129691
313.800000 , 0.129691
313.900000 , 0.129691
314.000000 , 0.129691
314.100000 , 0.129691
314.200000 , 0.129691
314.300000 , 0.129691
314.400000 , 0.129691
314.500000 , 0.129691
314.600000 , 0.129691
314.700000 , 0.129691
314.800000 , 0.129691
314.900000 , 0.129691
315.000000 , 0.129691
315.100000 , 0.129691
315.200000 , 0.129691
315.300000 , 0.129691
315.400000 , 0.129691
315.500000 , 0.129691
315.600000 , 0.129691
315.700000 , 0.129691
315.800000 , 0.129691
315.900000 , 0.129691
316.000000 , 0.129691
316.100000 , 0.129691
316.200000 , 0.129691
316.300000 , 0.129691
316.400000 , 0.129691
316.500000 , 0.129691
316.600000 , 0.129691
316.700000 , 0.129691
316.800000 , 0.129691
316.900000 , 0.129691
317.000000 , 0.129691
317.100000 , 0.129691
317.200000 , 0.129691
317.300000 , 0.129691
317.400000 , 0.129691
317.500000 , 0.129691
317.600000 , 0.129691
317.700000 , 0.129691
317.800000 , 0.129691
317.900000 , 0.129691
318.000000 , 0.129691
318.100000 , 0.129691
318.200000 , 0.129691
318.300000 , 0.129691
318.400000 , 0.129691
318.500000 , 0.129691
318.600000 , 0.129691
318.700000 , 0.129691
318.800000 , 0.129691
318.900000 , 0.129691
319.000000 , 0.129691
319.100000 , 0.129691
319.200000 , 0.129691
319.300000 , 0.129691
319.400000 , 0.129691
319.500000 , 0.129691
319.600000 , 0.129691
319.700000 , 0.129691
319.800000 , 0.129691
319.900000 , 0.129691
320.000000 , 0.129691
320.100000 , 0.129691
320.200000 , 0.129691
320.300000 , 0.129691
320.400000 , 0.129691
320.500000 , 0.129691
320.600000 , 0.129691
320.700000 , 0.129691
320.800000 , 0.129691
320.900000 , 0.129691
321.000000 , 0.129691
321.100000 , 0.129691
321.200000 , 0.129691
321.300000 , 0.129691
321.400000 , 0.129691
321.500000 , 0.129691
321.600000 , 0.129691
321.700000 , 0.129691
321.800000 , 0.129691
321.900000 , 0.129691
322.000000 , 0.129691
322.100000 , 0.129691
322.200000 , 0.129691
322.300000 , 0.129691
322.400000 , 0.129691
322.500000 , 0.129691
322.600000 , 0.129691
322.700000 , 0.129691
322.800000 , 0.129691
322.900000 , 0.129691
323.000000 , 0.129691
323.100000 , 0.129691
323.200000 , 0.129691
323.300000 , 0.129691
323.400000 , 0.129691
323.500000 , 0.129691
323.600000 , 0.129691
323.700000 , 0.129691
323.800000 , 0.129691
323.900000 , 0.129691
324.000000 , 0.129691
324.100000 , 0.129691
324.200000 , 0.129691
324.300000 , 0.129691
324.400000 , 0.129691
324.500000 , 0.129691
324.600000 , 0.129691
324.700000 , 0.129691
324.800000 , 0.129691
324.900000 , 0.129691
325.000000 , 0.129691
325.100000 , 0.129691
325.200000 , 0.129691
325.300000 , 0.129691
325.400000 , 0.129691
325.500000 , 0.129691
325.600000 , 0.129691
325.700000 , 0.129691
325.800000 , 0.129691
325.900000 , 0.129691
326.000000 , 0.129691
326.100000 , 0.129691
326.200000 , 0.129691
326.300000 , 0.129691
326.400000 , 0.129691
326.500000 , 0.129691
326.600000 , 0.129691
326.700000 , 0.129691
326.800000 , 0.129691
326.900000 , 0.129691
327.000000 , 0.129691
327.100000 , 0.129691
327.200000 , 0.129691
327.300000 , 0.129691
327.400000 , 0.129691
327.500000 , 0.129691
327.600000 , 0.129691
327.700000 , 0.129691
327.800000 , 0.129691
327.900000 , 0.129691
328.000000 , 0.129691
328.100000 , 0.129691
328.200000 , 0.129691
328.300000 , 0.129691
328.400000 , 0.129691
328.500000 , 0.129691
328.600000 , 0.129691
328.700000 , 0.129691
328.800000 , 0.129691
328.900000 , 0.129691
329.000000 , 0.129691
329.100000 , 0.129691
329.200000 , 0.129691
329.300000 , 0.129691
329.400000 , 0.129691
329.500000 , 0.129691
329.600000 , 0.129691
329.700000 , 0.129691
329.800000 , 0.129691
329.900000 , 0.129691
330.000000 , 0.129691
330.100000 , 0.129691
330.200000 , 0.129691
330.300000 , 0.129691
330.400000 , 0.129691
330.500000 , 0.129691
330.600000 , 0.129691
330.700000 , 0.129691
330.800000 , 0.129691
330.900000 , 0.129691
331.000000 , 0.129691
331.100000 , 0.129691
331.200000 , 0.129691
331.300000 , 0.129691
331.400000 , 0.129691
331.500000 , 0.129691
331.600000 , 0.129691
331.700000 , 0.129691
331.800000 , 0.129691
331.900000 , 0.129691
332.000000 , 0.129691
332.100000 , 0.129691
332.200000 , 0.129691
332.300000 , 0.129691
332.400000 , 0.129691
332.500000 , 0.129691
332.600000 , 0.129691
332.700000 , 0.129691
332.800000 , 0.129691
332.900000 , 0.129691
333.000000 , 0.129691
333.100000 , 0.129691
333.200000 , 0.129691
333.300000 , 0.129691
333.400000 , 0.129691
333.500000 , 0.129691
333.600000 , 0.129691
333.700000 , 0.129691
333.800000 , 0.129691
333.900000 , 0.129691
334.000000 , 0.129691
334.100000 , 0.129691
334.200000 , 0.129691
334.300000 , 0.129691
334.400000 , 0.129691
334.500000 , 0.129691
334.600000 , 0.129691
334.700000 , 0.129691
334.800000 , 0.129691
334.900000 , 0.129691
335.000000 , 0.129691
335.100000 , 0.129691
335.200000 , 0.129691
335.300000 , 0.129691
335.400000 , 0.129691
335.500000 , 0.129691
335.600000 , 0.129691
335.700000 , 0.129691
335.800000 , 0.129691
335.900000 , 0.129691
336.000000 , 0.129691
336.100000 , 0.129691
336.200000 , 0.129691
336.300000 , 0.129691
336.400000 , 0.129691
336.500000 , 0.129691
336.600000 , 0.129691
336.700000 , 0.129691
336.800000 , 0.129691
336.900000 , 0.129691
337.000000 , 0.129691
337.100000 , 0.129691
337.200000 , 0.129691
337.300000 , 0.129691
337.400000 , 0.129691
337.500000 , 0.129691
337.600000 , 0.129691
337.700000 , 0.129691
337.800000 , 0.129691
337.900000 , 0.129691
338.000000 , 0.129691
338.100000 , 0.129691
338.200000 , 0.129691
338.300000 , 0.129691
338.400000 , 0.129691
338.500000 , 0.129691
338.600000 , 0.129691
338.700000 , 0.129691
338.800000 , 0.129691
338.900000 , 0.129691
339.000000 , 0.129691
339.100000 , 0.129691
339.200000 , 0.129691
339.300000 , 0.129691
339.400000 , 0.129691
339.500000 , 0.129691
339.600000 , 0.129691
339.700000 , 0.129691
339.800000 , 0.129691
339.900000 , 0.129691
340.000000 , 0.129691
340.100000 , 0.129691
340.200000 , 0.129691
340.300000 , 0.129691
340.400000 , 0.129691
340.500000 , 0.129691
340.600000 , 0.129691
340.700000 , 0.129691
340.800000 , 0.129691
340.900000 , 0.129691
341.000000 , 0.129691
341.100000 , 0.129691
341.200000 , 0.129691
341.300000 , 0.129691
341.400000 , 0.129691
341.500000 , 0.129691
341.600000 , 0.129691
341.700000 , 0.129691
341.800000 , 0.129691
341.900000 , 0.129691
342.000000 , 0.129691
342.100000 , 0.129691
342.200000 , 0.129691
342.300000 , 0.129691
342.400000 , 0.129691
342.500000 , 0.129691
342.600000 , 0.129691
342.700000 , 0.129691
342.800000 , 0.129691
342.900000 , 0.129691
343.000000 , 0.129691
343.100000 , 0.129691
343.200000 , 0.129691
343.300000 , 0.129691
343.400000 , 0.129691
343.500000 , 0.129691
343.600000 , 0.129691
343.700000 , 0.129691
343.800000 , 0.129691
343.900000 , 0.129691
344.000000 , 0.129691
344.100000 , 0.129691
344.200000 , 0.129691
344.300000 , 0.129691
344.400000 , 0.129691
344.500000 , 0.129691
344.600000 , 0.129691
344.700000 , 0.129691
344.800000 , 0.129691
344.900000 , 0.129691
345.000000 , 0.129691
345.100000 , 0.129691
345.200000 , 0.129691
345.300000 , 0.129691
345.400000 , 0.129691
345.500000 , 0.129691
345.600000 , 0.129691
345.700000 , 0.129691
345.800000 , 0.129691
345.900000 , 0.129691
346.000000 , 0.129691
346.100000 , 0.129691
346.200000 , 0.129691
346.300000 , 0.129691
346.400000 , 0.129691
346.500000 , 0.129691
346.600000 , 0.129691
346.700000 , 0.129691
346.800000 , 0.129691
346.900000 , 0.129691
347.000000 , 0.129691
347.100000 , 0.129691
347.200000 , 0.129691
347.300000 , 0.129691
347.400000 , 0.129691
347.500000 , 0.129691
347.600000 , 0.129691
347.700000 , 0.129691
347.800000 , 0.129691
347.900000 , 0.129691
348.000000 , 0.129691
348.100000 , 0.129691
348.200000 , 0.129691
348.300000 , 0.129691
348.400000 , 0.129691
348.500000 , 0.129691
348.600000 , 0.129691
348.700000 , 0.129691
348.800000 , 0.129691
348.900000 , 0.129691
349.000000 , 0.129691
349.100000 , 0.129691
349.200000 , 0.129691
349.300000 , 0.129691
349.400000 , 0.129691
349.500000 , 0.129691
349.600000 , 0.129691
349.700000 , 0.129691
349.800000 , 0.129691
349.900000 , 0.129691
350.000000 , 0.129691
350.100000 , 0.129691
350.200000 , 0.129691
350.300000 , 0.129691
350.400000 , 0.129691
350.500000 , 0.129691
350.600000 , 0.129691
350.700000 , 0.129691
350.800000 , 0.129691
350.900000 , 0.129691
351.000000 , 0.129691
351.100000 , 0.129691
351.200000 , 0.129691
351.300000 , 0.129691
351.400000 , 0.129691
351.500000 , 0.129691
351.600000 , 0.129691
351.700000 , 0.129691
351.800000 , 0.129691
351.900000 , 0.129691
352.000000 , 0.129691
352.100000 , 0.129691
352.200000 , 0.129691
352.300000 , 0.129691
352.400000 , 0.129691
352.500000 , 0.129691
352.600000 , 0.129691
352.700000 , 0.129691
352.800000 , 0.129691
352.900000 , 0.129691
353.000000 , 0.129691
353.100000 , 0.129691
353.200000 , 0.129691
353.300000 , 0.129691
353.400000 , 0.129691
353.500000 , 0.129691
353.600000 , 0.129691
353.700000 , 0.129691
353.800000 , 0.129691
353.900000 , 0.129691
354.000000 , 0.129691
354.100000 , 0.129691
354.200000 , 0.129691
354.300000 , 0.129691
354.400000 , 0.129691
354.500000 , 0.129691
354.600000 , 0.129691
354.700000 , 0.129691
354.800000 , 0.129691
354.900000 , 0.129691
355.000000 , 0.129691
355.100000 , 0.129691
355.200000 , 0.129691
355.300000 , 0.129691
355.400000 , 0.129691
355.500000 , 0.129691
355.600000 , 0.129691
355.700000 , 0.129691
355.800000 , 0.129691
355.900000 , 0.129691
356.000000 , 0.129691
356.100000 , 0.129691
356.200000 , 0.129691
356.300000 , 0.129691
356.400000 , 0.129691
356.500000 , 0.129691
356.600000 , 0.129691
356.700000 , 0.129691
356.800000 , 0.129691
356.900000 , 0.129691
357.000000 , 0.129691
357.100000 , 0.129691
357.200000 , 0.129691
357.300000 , 0.129691
357.400000 , 0.129691
357.500000 , 0.129691
357.600000 , 0.129691
357.700000 , 0.129691
357.800000 , 0.129691
357.900000 , 0.129691
358.000000 , 0.129691
358.100000 , 0.129691
358.200000 , 0.129691
358.300000 , 0.129691
358.400000 , 0.129691
358.500000 , 0.129691
358.600000 , 0.129691
358.700000 , 0.129691
358.800000 , 0.129691
358.900000 , 0.129691
359.000000 , 0.129691
359.100000 , 0.129691
359.200000 , 0.129691
359.300000 , 0.129691
359.400000 , 0.129691
359.500000 , 0.129691
359.600000 , 0.129691
359.700000 , 0.129691
359.800000 , 0.129691
359.900000 , 0.129691
360.000000 , 0.129691
360.100000 , 0.129691
360.200000 , 0.129691
360.300000 , 0.129691
360.400000 , 0.129691
360.500000 , 0.129691
360.600000 , 0.129691
360.700000 , 0.129691
360.800000 , 0.129691
360.900000 , 0.129691
361.000000 , 0.129691
361.100000 , 0.129691
361.200000 , 0.129691
361.300000 , 0.129691
361.400000 , 0.129691
361.500000 , 0.129691
361.600000 , 0.129691
361.700000 , 0.129691
361.800000 , 0.129691
361.900000 , 0.129691
362.000000 , 0.129691
362.100000 , 0.129691
362.200000 , 0.129691
362.300000 , 0.129691
362.400000 , 0.129691
362.500000 , 0.129691
362.600000 , 0.129691
362.700000 , 0.129691
362.800000 , 0.129691
362.900000 , 0.129691
363.000000 , 0.129691
363.100000 , 0.129691
363.200000 , 0.129691
363.300000 , 0.129691
363.400000 , 0.129691
363.500000 , 0.129691
363.600000 , 0.129691
363.700000 , 0.129691
363.800000 , 0.129691
363.900000 , 0.129691
364.000000 , 0.129691
364.100000 , 0.129691
364.200000 , 0.129691
364.300000 , 0.129691
364.400000 , 0.129691
364.500000 , 0.129691
364.600000 , 0.129691
364.700000 , 0.129691
364.800000 , 0.129691
364.900000 , 0.129691
365.000000 , 0.129691
365.100000 , 0.129691
365.200000 , 0.129691
365.300000 , 0.129691
365.400000 , 0.129691
365.500000 , 0.129691
365.600000 , 0.129691
365.700000 , 0.129691
365.800000 , 0.129691
365.900000 , 0.129691
366.000000 , 0.129691
366.100000 , 0.129691
366.200000 , 0.129691
366.300000 , 0.129691
366.400000 , 0.129691
366.500000 , 0.129691
366.600000 , 0.129691
366.700000 , 0.129691
366.800000 , 0.129691
366.900000 , 0.129691
367.000000 , 0.129691
367.100000 , 0.129691
367.200000 , 0.129691
367.300000 , 0.129691
367.400000 , 0.129691
367.500000 , 0.129691
367.600000 , 0.129691
367.700000 , 0.129691
367.800000 , 0.129691
367.900000 , 0.129691
368.000000 , 0.129691
368.100000 , 0.129691
368.200000 , 0.129691
368.300000 , 0.129691
368.400000 , 0.129691
368.500000 , 0.129691
368.600000 , 0.129691
368.700000 , 0.129691
368.800000 , 0.129691
368.900000 , 0.129691
369.000000 , 0.129691
369.100000 , 0.129691
369.200000 , 0.129691
369.300000 , 0.129691
369.400000 , 0.129691
369.500000 , 0.129691
369.600000 , 0.129691
369.700000 , 0.129691
369.800000 , 0.129691
369.900000 , 0.129691
370.000000 , 0.129691
370.100000 , 0.129691
370.200000 , 0.129691
370.300000 , 0.129691
370.400000 , 0.129691
370.500000 , 0.129691
370.600000 , 0.129691
370.700000 , 0.129691
370.800000 , 0.129691
370.900000 , 0.129691
371.000000 , 0.129691
371.100000 , 0.129691
371.200000 , 0.129691
371.300000 , 0.129691
371.400000 , 0.129691
371.500000 , 0.129691
371.600000 , 0.129691
371.700000 , 0.129691
371.800000 , 0.129691
371.900000 , 0.129691
372.000000 , 0.129691
372.100000 , 0.129691
372.200000 , 0.129691
372.300000 , 0.129691
372.400000 , 0.129691
372.500000 , 0.129691
372.600000 , 0.129691
372.700000 , 0.129691
372.800000 , 0.129691
372.900000 , 0.129691
373.000000 , 0.129691
373.100000 , 0.129691
373.200000 , 0.129691
373.300000 , 0.129691
373.400000 , 0.129691
373.500000 , 0.129691
373.600000 , 0.129691
373.700000 , 0.129691
373.800000 , 0.129691
373.900000 , 0.129691
374.000000 , 0.129691
374.100000 , 0.129691
374.200000 , 0.129691
374.300000 , 0.129691
374.400000 , 0.129691
374.500000 , 0.129691
374.600000 , 0.129691
374.700000 , 0.129691
374.800000 , 0.129691
374.900000 , 0.129691
375.000000 , 0.129691
375.100000 , 0.129691
375.200000 , 0.129691
375.300000 , 0.129691
375.400000 , 0.129691
375.500000 , 0.129691
375.600000 , 0.129691
375.700000 , 0.129691
375.800000 , 0.129691
375.900000 , 0.129691
376.000000 , 0.129691
376.100000 , 0.129691
376.200000 , 0.129691
376.300000 , 0.129691
376.400000 , 0.129691
376.500000 , 0.129691
376.600000 , 0.129691
376.700000 , 0.129691
376.800000 , 0.129691
376.900000 , 0.129691
377.000000 , 0.129691
377.100000 , 0.129691
377.200000 , 0.129691
377.300000 , 0.129691
377.400000 , 0.129691
377.500000 , 0.129691
377.600000 , 0.129691
377.700000 , 0.129691
377.800000 , 0.129691
377.900000 , 0.129691
378.000000 , 0.129691
378.100000 , 0.129691
378.200000 , 0.129691
378.300000 , 0.129691
378.400000 , 0.129691
378.500000 , 0.129691
378.600000 , 0.129691
378.700000 , 0.129691
378.800000 , 0.129691
378.900000 , 0.129691
379.000000 , 0.129691
379.100000 , 0.129691
379.200000 , 0.129691
379.300000 , 0.129691
379.400000 , 0.129691
379.500000 , 0.129691
379.600000 , 0.129691
379.700000 , 0.129691
379.800000 , 0.129691
379.900000 , 0.129691
380.000000 , 0.129691
380.100000 , 0.129691
380.200000 , 0.129691
380.300000 , 0.129691
380.400000 , 0.129691
380.500000 , 0.129691
380.600000 , 0.129691
380.700000 , 0.129691
380.800000 , 0.129691
380.900000 , 0.129691
381.000000 , 0.129691
381.100000 , 0.129691
381.200000 , 0.129691
381.300000 , 0.129691
381.400000 , 0.129691
381.500000 , 0.129691
381.600000 , 0.129691
381.700000 , 0.129691
381.800000 , 0.129691
381.900000 , 0.129691
382.000000 , 0.129691
382.100000 , 0.129691
382.200000 , 0.129691
382.300000 , 0.129691
382.400000 , 0.129691
382.500000 , 0.129691
382.600000 , 0.129691
382.700000 , 0.129691
382.800000 , 0.129691
382.900000 , 0.129691
383.000000 , 0.129691
383.100000 , 0.129691
383.200000 , 0.129691
383.300000 , 0.129691
383.400000 , 0.129691
383.500000 , 0.129691
383.600000 , 0.129691
383.700000 , 0.129691
383.800000 , 0.129691
383.900000 , 0.129691
384.000000 , 0.129691
384.100000 , 0.129691
384.200000 , 0.129691
384.300000 , 0.129691
384.400000 , 0.129691
384.500000 , 0.129691
384.600000 , 0.129691
384.700000 , 0.129691
384.800000 , 0.129691
384.900000 , 0.129691
385.000000 , 0.129691
385.100000 , 0.129691
385.200000 , 0.129691
385.300000 , 0.129691
385.400000 , 0.129691
385.500000 , 0.129691
385.600000 , 0.129691
385.700000 , 0.129691
385.800000 , 0.129691
385.900000 , 0.129691
386.000000 , 0.129691
386.100000 , 0.129691
386.200000 , 0.129691
386.300000 , 0.129691
386.400000 , 0.129691
386.500000 , 0.129691
386.600000 , 0.129691
386.700000 , 0.129691
386.800000 , 0.129691
386.900000 , 0.129691
387.000000 , 0.129691
387.100000 , 0.129691
387.200000 , 0.129691
387.300000 , 0.129691
387.400000 , 0.129691
387.500000 , 0.129691
387.600000 , 0.129691
387.700000 , 0.129691
387.800000 , 0.129691
387.900000 , 0.129691
388.000000 , 0.129691
388.100000 , 0.129691
388.200000 , 0.129691
388.300000 , 0.129691
388.400000 , 0.129691
388.500000 , 0.129691
388.600000 , 0.129691
388.700000 , 0.129691
388.800000 , 0.129691
388.900000 , 0.129691
389.000000 , 0.129691
389.100000 , 0.129691
389.200000 , 0.129691
389.300000 , 0.129691
389.400000 , 0.129691
389.500000 , 0.129691
389.600000 , 0.129691
389.700000 , 0.129691
389.800000 , 0.129691
389.900000 , 0.129691
390.000000 , 0.129691
390.100000 , 0.129691
390.200000 , 0.129691
390.300000 , 0.129691
390.400000 , 0.129691
390.500000 , 0.129691
390.600000 , 0.129691
390.700000 , 0.129691
390.800000 , 0.129691
390.900000 , 0.129691
391.000000 , 0.129691
391.100000 , 0.129691
391.200000 , 0.129691
391.300000 , 0.129691
391.400000 , 0.129691
391.500000 , 0.129691
391.600000 , 0.129691
391.700000 , 0.129691
391.800000 , 0.129691
391.900000 , 0.129691
392.000000 , 0.129691
392.100000 , 0.129691
392.200000 , 0.129691
392.300000 , 0.129691
392.400000 , 0.129691
392.500000 , 0.129691
392.600000 , 0.129691
392.700000 , 0.129691
392.800000 , 0.129691
392.900000 , 0.129691
393.000000 , 0.129691
393.100000 , 0.129691
393.200000 , 0.129691
393.300000 , 0.129691
393.400000 , 0.129691
393.500000 , 0.129691
393.600000 , 0.129691
393.700000 , 0.129691
393.800000 , 0.129691
393.900000 , 0.129691
394.000000 , 0.129691
394.100000 , 0.129691
394.200000 , 0.129691
394.300000 , 0.129691
394.400000 , 0.129691
394.500000 , 0.129691
394.600000 , 0.129691
394.700000 , 0.129691
394.800000 , 0.129691
394.900000 , 0.129691
395.000000 , 0.129691
395.100000 , 0.129691
395.200000 , 0.129691
395.300000 , 0.129691
395.400000 , 0.129691
395.500000 , 0.129691
395.600000 , 0.129691
395.700000 , 0.129691
395.800000 , 0.129691
395.900000 , 0.129691
396.000000 , 0.129691
396.100000 , 0.129691
396.200000 , 0.129691
396.300000 , 0.129691
396.400000 , 0.129691
396.500000 , 0.129691
396.600000 , 0.129691
396.700000 , 0.129691
396.800000 , 0.129691
396.900000 , 0.129691
397.000000 , 0.129691
397.100000 , 0.129691
397.200000 , 0.129691
397.300000 , 0.129691
397.400000 , 0.129691
397.500000 , 0.129691
397.600000 , 0.129691
397.700000 , 0.129691
397.800000 , 0.129691
397.900000 , 0.129691
398.000000 , 0.129691
398.100000 , 0.129691
398.200000 , 0.129691
398.300000 , 0.129691
398.400000 , 0.129691
398.500000 , 0.129691
398.600000 , 0.129691
398.700000 , 0.129691
398.800000 , 0.129691
398.900000 , 0.129691
399.000000 , 0.129691
399.100000 , 0.129691
399.200000 , 0.129691
399.300000 , 0.129691
399.400000 , 0.129691
399.500000 , 0.129691
399.600000 , 0.129691
399.700000 , 0.129691
399.800000 , 0.129691
399.900000 , 0.129691
